CREATE DATABASE  IF NOT EXISTS `zoosum` /*!40100 DEFAULT CHARACTER SET utf8mb4 COLLATE utf8mb4_general_ci */;
USE `zoosum`;
-- MariaDB dump 10.19  Distrib 10.6.14-MariaDB, for Win64 (AMD64)
--
-- Host: asrai-app-database.cwk2ukisdzzj.ap-northeast-2.rds.amazonaws.com    Database: zoosum
-- ------------------------------------------------------
-- Server version	10.6.14-MariaDB-log

/*!40101 SET @OLD_CHARACTER_SET_CLIENT=@@CHARACTER_SET_CLIENT */;
/*!40101 SET @OLD_CHARACTER_SET_RESULTS=@@CHARACTER_SET_RESULTS */;
/*!40101 SET @OLD_COLLATION_CONNECTION=@@COLLATION_CONNECTION */;
/*!40101 SET NAMES utf8 */;
/*!40103 SET @OLD_TIME_ZONE=@@TIME_ZONE */;
/*!40103 SET TIME_ZONE='+00:00' */;
/*!40014 SET @OLD_UNIQUE_CHECKS=@@UNIQUE_CHECKS, UNIQUE_CHECKS=0 */;
/*!40014 SET @OLD_FOREIGN_KEY_CHECKS=@@FOREIGN_KEY_CHECKS, FOREIGN_KEY_CHECKS=0 */;
/*!40101 SET @OLD_SQL_MODE=@@SQL_MODE, SQL_MODE='NO_AUTO_VALUE_ON_ZERO' */;
/*!40111 SET @OLD_SQL_NOTES=@@SQL_NOTES, SQL_NOTES=0 */;

--
-- Table structure for table `activity_history`
--

DROP TABLE IF EXISTS `activity_history`;
/*!40101 SET @saved_cs_client     = @@character_set_client */;
/*!40101 SET character_set_client = utf8 */;
CREATE TABLE `activity_history` (
  `activity_id` bigint(20) NOT NULL AUTO_INCREMENT,
  `user_id` varchar(255) NOT NULL,
  `activity_type` varchar(10) NOT NULL DEFAULT '',
  `file_url` varchar(255) NOT NULL DEFAULT '',
  `create_time` datetime NOT NULL DEFAULT current_timestamp(),
  `update_time` datetime NOT NULL DEFAULT current_timestamp(),
  `delete_time` datetime DEFAULT NULL,
  `plogging_length` int(11) DEFAULT 0,
  `plogging_time` int(11) DEFAULT 0,
  `plogging_trash` int(11) DEFAULT 0,
  `tree_name` varchar(30) DEFAULT NULL,
  `user_birth` date DEFAULT NULL,
  `user_name` varchar(30) DEFAULT NULL,
  `user_phone` varchar(30) DEFAULT NULL,
  PRIMARY KEY (`activity_id`),
  KEY `FK_USER_TO_ACTIVITY_HISTORY_1` (`user_id`),
  CONSTRAINT `FK_USER_TO_ACTIVITY_HISTORY_1` FOREIGN KEY (`user_id`) REFERENCES `user` (`user_id`)
) ENGINE=InnoDB AUTO_INCREMENT=853 DEFAULT CHARSET=utf8mb4 COLLATE=utf8mb4_general_ci;
/*!40101 SET character_set_client = @saved_cs_client */;

--
-- Dumping data for table `activity_history`
--

LOCK TABLES `activity_history` WRITE;
/*!40000 ALTER TABLE `activity_history` DISABLE KEYS */;
INSERT INTO `activity_history` VALUES (514,'3155976377','PLOG','https://zoosum-bucket.s3.ap-northeast-2.amazonaws.com/Activity/3155976377/2023-11-14-16.jpg','2023-11-14 16:36:10','2023-11-14 16:36:10',NULL,0,34,3,NULL,NULL,NULL,NULL),(515,'3155976377','PLOG','https://zoosum-bucket.s3.ap-northeast-2.amazonaws.com/Activity/3155976377/2023-11-14-16.jpg','2023-11-14 16:41:17','2023-11-14 16:41:17',NULL,0,293,11,NULL,NULL,NULL,NULL),(516,'3155976377','PLOG','https://zoosum-bucket.s3.ap-northeast-2.amazonaws.com/Activity/3155976377/2023-11-14-16.jpg','2023-11-14 16:41:18','2023-11-14 16:41:18',NULL,0,293,11,NULL,NULL,NULL,NULL),(614,'3163377623','PLOG','https://zoosum-bucket.s3.ap-northeast-2.amazonaws.com/Activity/3163377623/2023-11-15-9-30-46.jpg','2023-11-15 09:30:46','2023-11-15 09:30:46',NULL,0,82,10,NULL,NULL,NULL,NULL),(632,'3139675088','PLOG','https://zoosum-bucket.s3.ap-northeast-2.amazonaws.com/Activity/3139675088/2023-11-15-10-38-58.jpg','2023-11-15 10:39:52','2023-11-15 10:39:52',NULL,0,228,11,NULL,NULL,NULL,NULL),(633,'3139675088','PLOG','https://zoosum-bucket.s3.ap-northeast-2.amazonaws.com/Activity/3139675088/2023-11-15-10-39-2.jpg','2023-11-15 10:39:53','2023-11-15 10:39:53',NULL,0,228,11,NULL,NULL,NULL,NULL),(634,'3139675088','PLOG','https://zoosum-bucket.s3.ap-northeast-2.amazonaws.com/Activity/3139675088/2023-11-15-10-39-4.jpg','2023-11-15 10:39:54','2023-11-15 10:39:54',NULL,0,228,11,NULL,NULL,NULL,NULL),(635,'3139675088','PLOG','https://zoosum-bucket.s3.ap-northeast-2.amazonaws.com/Activity/3139675088/2023-11-15-10-39-9.jpg','2023-11-15 10:39:55','2023-11-15 10:39:55',NULL,0,228,11,NULL,NULL,NULL,NULL),(636,'3139675088','PLOG','https://zoosum-bucket.s3.ap-northeast-2.amazonaws.com/Activity/3139675088/2023-11-15-10-39-29.jpg','2023-11-15 10:39:55','2023-11-15 10:39:55',NULL,0,228,11,NULL,NULL,NULL,NULL),(637,'3139675088','PLOG','https://zoosum-bucket.s3.ap-northeast-2.amazonaws.com/Activity/3139675088/2023-11-15-10-39-18.jpg','2023-11-15 10:39:56','2023-11-15 10:39:56',NULL,0,228,11,NULL,NULL,NULL,NULL),(638,'3139675088','PLOG','https://zoosum-bucket.s3.ap-northeast-2.amazonaws.com/Activity/3139675088/2023-11-15-10-39-31.jpg','2023-11-15 10:39:56','2023-11-15 10:39:56',NULL,0,228,11,NULL,NULL,NULL,NULL),(639,'3139675088','PLOG','https://zoosum-bucket.s3.ap-northeast-2.amazonaws.com/Activity/3139675088/2023-11-15-10-39-35.jpg','2023-11-15 10:39:56','2023-11-15 10:39:56',NULL,0,228,11,NULL,NULL,NULL,NULL),(640,'3139675088','PLOG','https://zoosum-bucket.s3.ap-northeast-2.amazonaws.com/Activity/3139675088/2023-11-15-10-39-46.jpg','2023-11-15 10:39:57','2023-11-15 10:39:57',NULL,0,228,11,NULL,NULL,NULL,NULL),(641,'3139675088','PLOG','https://zoosum-bucket.s3.ap-northeast-2.amazonaws.com/Activity/3139675088/2023-11-15-10-39-46.jpg','2023-11-15 10:39:57','2023-11-15 10:39:57',NULL,0,228,11,NULL,NULL,NULL,NULL),(642,'3139675088','PLOG','https://zoosum-bucket.s3.ap-northeast-2.amazonaws.com/Activity/3139675088/2023-11-15-10-39-47.jpg','2023-11-15 10:39:58','2023-11-15 10:39:58',NULL,0,228,11,NULL,NULL,NULL,NULL),(643,'3139675088','PLOG','https://zoosum-bucket.s3.ap-northeast-2.amazonaws.com/Activity/3139675088/2023-11-15-10-39-47.jpg','2023-11-15 10:39:58','2023-11-15 10:39:58',NULL,0,228,11,NULL,NULL,NULL,NULL),(644,'3139675088','PLOG','https://zoosum-bucket.s3.ap-northeast-2.amazonaws.com/Activity/3139675088/2023-11-15-10-39-48.jpg','2023-11-15 10:39:58','2023-11-15 10:39:58',NULL,0,228,11,NULL,NULL,NULL,NULL),(645,'3139675088','PLOG','https://zoosum-bucket.s3.ap-northeast-2.amazonaws.com/Activity/3139675088/2023-11-15-10-39-52.jpg','2023-11-15 10:39:58','2023-11-15 10:39:58',NULL,0,228,11,NULL,NULL,NULL,NULL),(650,'3152065625','PLOG','https://zoosum-bucket.s3.ap-northeast-2.amazonaws.com/Activity/3152065625/2023-11-15-10-51-8.jpg','2023-11-15 10:51:08','2023-11-15 10:51:08',NULL,170,130,10,NULL,NULL,NULL,NULL),(651,'3152065625','PLOG','https://zoosum-bucket.s3.ap-northeast-2.amazonaws.com/Activity/3152065625/2023-11-15-10-51-8.jpg','2023-11-15 10:51:09','2023-11-15 10:51:09',NULL,170,130,10,NULL,NULL,NULL,NULL),(652,'3139675088','PLOG','https://zoosum-bucket.s3.ap-northeast-2.amazonaws.com/Activity/3139675088/2023-11-15-10-51-28.jpg','2023-11-15 10:51:27','2023-11-15 10:51:27',NULL,0,4,0,NULL,NULL,NULL,NULL),(655,'3139675088','PLOG','https://zoosum-bucket.s3.ap-northeast-2.amazonaws.com/Activity/3139675088/2023-11-15-10-57-50.jpg','2023-11-15 10:57:50','2023-11-15 10:57:50',NULL,0,80,10,NULL,NULL,NULL,NULL),(656,'3140336712','PLOG','https://zoosum-bucket.s3.ap-northeast-2.amazonaws.com/Activity/3140336712/2023-11-15-10-57-49.jpg','2023-11-15 10:57:50','2023-11-15 10:57:50',NULL,0,44,15,NULL,NULL,NULL,NULL),(657,'3140336712','PLOG','https://zoosum-bucket.s3.ap-northeast-2.amazonaws.com/Activity/3140336712/2023-11-15-10-57-50.jpg','2023-11-15 10:57:51','2023-11-15 10:57:51',NULL,0,44,15,NULL,NULL,NULL,NULL),(658,'3163514481','PLOG','https://zoosum-bucket.s3.ap-northeast-2.amazonaws.com/Activity/3163514481/2023-11-15-11-6-55.jpg','2023-11-15 11:06:56','2023-11-15 11:06:56',NULL,370,71,0,NULL,NULL,NULL,NULL),(660,'3163514481','PLOG','https://zoosum-bucket.s3.ap-northeast-2.amazonaws.com/Activity/3163514481/2023-11-15-11-8-59.jpg','2023-11-15 11:09:00','2023-11-15 11:09:00',NULL,260,76,0,NULL,NULL,NULL,NULL),(661,'3163518683','PLOG','https://zoosum-bucket.s3.ap-northeast-2.amazonaws.com/Activity/3163518683/2023-11-15-11-9-47.jpg','2023-11-15 11:09:58','2023-11-15 11:09:58',NULL,20,87,0,NULL,NULL,NULL,NULL),(662,'3163518683','PLOG','https://zoosum-bucket.s3.ap-northeast-2.amazonaws.com/Activity/3163518683/2023-11-15-11-9-45.jpg','2023-11-15 11:09:58','2023-11-15 11:09:58',NULL,20,87,0,NULL,NULL,NULL,NULL),(663,'3163521520','PLOG','https://zoosum-bucket.s3.ap-northeast-2.amazonaws.com/Activity/3163521520/2023-11-15-11-12-9.jpg','2023-11-15 11:12:10','2023-11-15 11:12:10',NULL,690,102,3,NULL,NULL,NULL,NULL),(664,'3163521520','PLOG','https://zoosum-bucket.s3.ap-northeast-2.amazonaws.com/Activity/3163521520/2023-11-15-11-14-6.jpg','2023-11-15 11:14:07','2023-11-15 11:14:07',NULL,0,1,0,NULL,NULL,NULL,NULL),(665,'3163521520','PLOG','https://zoosum-bucket.s3.ap-northeast-2.amazonaws.com/Activity/3163521520/2023-11-15-11-14-7.jpg','2023-11-15 11:14:08','2023-11-15 11:14:08',NULL,0,1,0,NULL,NULL,NULL,NULL),(666,'3163521520','PLOG','https://zoosum-bucket.s3.ap-northeast-2.amazonaws.com/Activity/3163521520/2023-11-15-11-16-48.jpg','2023-11-15 11:16:49','2023-11-15 11:16:49',NULL,0,17,0,NULL,NULL,NULL,NULL),(667,'3163521520','PLOG','https://zoosum-bucket.s3.ap-northeast-2.amazonaws.com/Activity/3163521520/2023-11-15-11-16-49.jpg','2023-11-15 11:16:50','2023-11-15 11:16:50',NULL,0,17,0,NULL,NULL,NULL,NULL),(668,'3163521520','PLOG','https://zoosum-bucket.s3.ap-northeast-2.amazonaws.com/Activity/3163521520/2023-11-15-11-17-0.jpg','2023-11-15 11:17:01','2023-11-15 11:17:01',NULL,0,1,0,NULL,NULL,NULL,NULL),(669,'3139675088','PLOG','https://zoosum-bucket.s3.ap-northeast-2.amazonaws.com/Activity/3139675088/2023-11-15-11-17-26.jpg','2023-11-15 11:17:26','2023-11-15 11:17:26',NULL,0,49,1,NULL,NULL,NULL,NULL),(670,'3139675088','PLOG','https://zoosum-bucket.s3.ap-northeast-2.amazonaws.com/Activity/3139675088/2023-11-15-11-18-5.jpg','2023-11-15 11:18:06','2023-11-15 11:18:06',NULL,0,1,0,NULL,NULL,NULL,NULL),(671,'3139675088','PLOG','https://zoosum-bucket.s3.ap-northeast-2.amazonaws.com/Activity/3139675088/2023-11-15-11-18-5.jpg','2023-11-15 11:18:06','2023-11-15 11:18:06',NULL,0,1,0,NULL,NULL,NULL,NULL),(672,'3139675088','PLOG','https://zoosum-bucket.s3.ap-northeast-2.amazonaws.com/Activity/3139675088/2023-11-15-11-18-6.jpg','2023-11-15 11:18:06','2023-11-15 11:18:06',NULL,0,1,0,NULL,NULL,NULL,NULL),(673,'3139675088','PLOG','https://zoosum-bucket.s3.ap-northeast-2.amazonaws.com/Activity/3139675088/2023-11-15-11-18-8.jpg','2023-11-15 11:18:08','2023-11-15 11:18:08',NULL,0,1,0,NULL,NULL,NULL,NULL),(674,'3139675088','PLOG','https://zoosum-bucket.s3.ap-northeast-2.amazonaws.com/Activity/3139675088/2023-11-15-11-18-8.jpg','2023-11-15 11:18:08','2023-11-15 11:18:08',NULL,0,1,0,NULL,NULL,NULL,NULL),(675,'3139675088','PLOG','https://zoosum-bucket.s3.ap-northeast-2.amazonaws.com/Activity/3139675088/2023-11-15-11-18-8.jpg','2023-11-15 11:18:08','2023-11-15 11:18:08',NULL,0,1,0,NULL,NULL,NULL,NULL),(676,'3163540759','PLOG','https://zoosum-bucket.s3.ap-northeast-2.amazonaws.com/Activity/3163540759/2023-11-15-11-24-34.jpg','2023-11-15 11:24:42','2023-11-15 11:24:42',NULL,0,8,0,NULL,NULL,NULL,NULL),(677,'3163540759','PLOG','https://zoosum-bucket.s3.ap-northeast-2.amazonaws.com/Activity/3163540759/2023-11-15-11-24-35.jpg','2023-11-15 11:24:47','2023-11-15 11:24:47',NULL,0,8,0,NULL,NULL,NULL,NULL),(678,'3163540759','PLOG','https://zoosum-bucket.s3.ap-northeast-2.amazonaws.com/Activity/3163540759/2023-11-15-11-26-39.jpg','2023-11-15 11:26:44','2023-11-15 11:26:44',NULL,0,92,4,NULL,NULL,NULL,NULL),(679,'3163549071','PLOG','https://zoosum-bucket.s3.ap-northeast-2.amazonaws.com/Activity/3163549071/2023-11-15-11-31-47.jpg','2023-11-15 11:31:48','2023-11-15 11:31:48',NULL,80,298,0,NULL,NULL,NULL,NULL),(680,'3141238159','PLOG','https://zoosum-bucket.s3.ap-northeast-2.amazonaws.com/Activity/3141238159/2023-11-15-12-31-34.jpg','2023-11-15 12:31:33','2023-11-15 12:31:33',NULL,960,1282,3,NULL,NULL,NULL,NULL),(681,'3163675877','PLOG','https://zoosum-bucket.s3.ap-northeast-2.amazonaws.com/Activity/3163675877/2023-11-15-12-57-53.jpg','2023-11-15 12:57:54','2023-11-15 12:57:54',NULL,240,154,4,NULL,NULL,NULL,NULL),(682,'3140336712','PLOG','https://zoosum-bucket.s3.ap-northeast-2.amazonaws.com/Activity/3140336712/2023-11-15-13-12-15.jpg','2023-11-15 13:12:17','2023-11-15 13:12:17',NULL,0,213,0,NULL,NULL,NULL,NULL),(683,'3140336712','PLOG','https://zoosum-bucket.s3.ap-northeast-2.amazonaws.com/Activity/3140336712/2023-11-15-13-12-17.jpg','2023-11-15 13:12:18','2023-11-15 13:12:18',NULL,0,213,0,NULL,NULL,NULL,NULL),(684,'3140336712','PLOG','https://zoosum-bucket.s3.ap-northeast-2.amazonaws.com/Activity/3140336712/2023-11-15-13-17-24.jpg','2023-11-15 13:17:26','2023-11-15 13:17:26',NULL,0,12,0,NULL,NULL,NULL,NULL),(685,'3140336712','PLOG','https://zoosum-bucket.s3.ap-northeast-2.amazonaws.com/Activity/3140336712/2023-11-15-13-17-51.jpg','2023-11-15 13:17:53','2023-11-15 13:17:53',NULL,0,17,0,NULL,NULL,NULL,NULL),(686,'3140336712','PLOG','https://zoosum-bucket.s3.ap-northeast-2.amazonaws.com/Activity/3140336712/2023-11-15-13-17-52.jpg','2023-11-15 13:17:54','2023-11-15 13:17:54',NULL,0,17,0,NULL,NULL,NULL,NULL),(687,'3140336712','PLOG','https://zoosum-bucket.s3.ap-northeast-2.amazonaws.com/Activity/3140336712/2023-11-15-13-20-39.jpg','2023-11-15 13:20:41','2023-11-15 13:20:41',NULL,0,17,2,NULL,NULL,NULL,NULL),(689,'3140336712','PLOG','https://zoosum-bucket.s3.ap-northeast-2.amazonaws.com/Activity/3140336712/2023-11-15-13-24-33.jpg','2023-11-15 13:24:35','2023-11-15 13:24:35',NULL,0,16,2,NULL,NULL,NULL,NULL),(690,'3140336712','PLOG','https://zoosum-bucket.s3.ap-northeast-2.amazonaws.com/Activity/3140336712/2023-11-15-13-25-29.jpg','2023-11-15 13:25:31','2023-11-15 13:25:31',NULL,0,24,3,NULL,NULL,NULL,NULL),(694,'3163742780','PLOG','https://zoosum-bucket.s3.ap-northeast-2.amazonaws.com/Activity/3163742780/2023-11-15-13-35-23.jpg','2023-11-15 13:35:23','2023-11-15 13:35:23',NULL,0,18,0,NULL,NULL,NULL,NULL),(695,'3163742780','PLOG','https://zoosum-bucket.s3.ap-northeast-2.amazonaws.com/Activity/3163742780/2023-11-15-13-35-24.jpg','2023-11-15 13:35:25','2023-11-15 13:35:25',NULL,0,18,0,NULL,NULL,NULL,NULL),(697,'3163742780','PLOG','https://zoosum-bucket.s3.ap-northeast-2.amazonaws.com/Activity/3163742780/2023-11-15-13-39-9.jpg','2023-11-15 13:39:09','2023-11-15 13:39:09',NULL,0,137,3,NULL,NULL,NULL,NULL),(698,'3163742780','PLOG','https://zoosum-bucket.s3.ap-northeast-2.amazonaws.com/Activity/3163742780/2023-11-15-13-39-11.jpg','2023-11-15 13:39:11','2023-11-15 13:39:11',NULL,0,137,3,NULL,NULL,NULL,NULL),(699,'3140336712','PLOG','https://zoosum-bucket.s3.ap-northeast-2.amazonaws.com/Activity/3140336712/2023-11-15-13-40-6.jpg','2023-11-15 13:40:08','2023-11-15 13:40:08',NULL,0,79,8,NULL,NULL,NULL,NULL),(701,'3141238159','PLOG','https://zoosum-bucket.s3.ap-northeast-2.amazonaws.com/Activity/3141238159/2023-11-15-13-45-1.jpg','2023-11-15 13:44:59','2023-11-15 13:44:59',NULL,0,70,3,NULL,NULL,NULL,NULL),(702,'3140336712','PLOG','https://zoosum-bucket.s3.ap-northeast-2.amazonaws.com/Activity/3140336712/2023-11-15-13-48-17.jpg','2023-11-15 13:48:20','2023-11-15 13:48:20',NULL,0,79,8,NULL,NULL,NULL,NULL),(704,'3163742780','PLOG','https://zoosum-bucket.s3.ap-northeast-2.amazonaws.com/Activity/3163742780/2023-11-15-13-49-4.jpg','2023-11-15 13:49:04','2023-11-15 13:49:04',NULL,10,226,4,NULL,NULL,NULL,NULL),(705,'3141238159','PLOG','https://zoosum-bucket.s3.ap-northeast-2.amazonaws.com/Activity/3141238159/2023-11-15-13-50-3.jpg','2023-11-15 13:50:01','2023-11-15 13:50:01',NULL,0,217,0,NULL,NULL,NULL,NULL),(706,'3141238159','PLOG','https://zoosum-bucket.s3.ap-northeast-2.amazonaws.com/Activity/3141238159/2023-11-15-13-50-5.jpg','2023-11-15 13:50:03','2023-11-15 13:50:03',NULL,0,217,0,NULL,NULL,NULL,NULL),(708,'3163742780','PLOG','https://zoosum-bucket.s3.ap-northeast-2.amazonaws.com/Activity/3163742780/2023-11-15-13-53-59.jpg','2023-11-15 13:53:59','2023-11-15 13:53:59',NULL,0,213,1,NULL,NULL,NULL,NULL),(709,'3163742780','PLOG','https://zoosum-bucket.s3.ap-northeast-2.amazonaws.com/Activity/3163742780/2023-11-15-13-53-59.jpg','2023-11-15 13:54:00','2023-11-15 13:54:00',NULL,0,213,1,NULL,NULL,NULL,NULL),(711,'3139675088','PLOG','https://zoosum-bucket.s3.ap-northeast-2.amazonaws.com/Activity/3139675088/2023-11-15-14-0-44.jpg','2023-11-15 14:00:43','2023-11-15 14:00:43',NULL,0,79,4,NULL,NULL,NULL,NULL),(713,'3163789504','PLOG','https://zoosum-bucket.s3.ap-northeast-2.amazonaws.com/Activity/3163789504/2023-11-15-14-6-46.jpg','2023-11-15 14:06:45','2023-11-15 14:06:45',NULL,0,93,1,NULL,NULL,NULL,NULL),(714,'3163789504','PLOG','https://zoosum-bucket.s3.ap-northeast-2.amazonaws.com/Activity/3163789504/2023-11-15-14-8-19.jpg','2023-11-15 14:08:18','2023-11-15 14:08:18',NULL,0,33,0,NULL,NULL,NULL,NULL),(716,'3140336712','PLOG','https://zoosum-bucket.s3.ap-northeast-2.amazonaws.com/Activity/3140336712/2023-11-15-14-11-28.jpg','2023-11-15 14:11:29','2023-11-15 14:11:29',NULL,130,124,1,NULL,NULL,NULL,NULL),(722,'3163826341','PLOG','https://zoosum-bucket.s3.ap-northeast-2.amazonaws.com/Activity/3163826341/2023-11-15-14-29-8.jpg','2023-11-15 14:29:09','2023-11-15 14:29:09',NULL,50,41,1,NULL,NULL,NULL,NULL),(723,'3163742780','PLOG','https://zoosum-bucket.s3.ap-northeast-2.amazonaws.com/Activity/3163742780/2023-11-15-14-30-46.jpg','2023-11-15 14:30:46','2023-11-15 14:30:46',NULL,0,77,1,NULL,NULL,NULL,NULL),(724,'3163742780','PLOG','https://zoosum-bucket.s3.ap-northeast-2.amazonaws.com/Activity/3163742780/2023-11-15-14-30-58.jpg','2023-11-15 14:31:00','2023-11-15 14:31:00',NULL,0,1,0,NULL,NULL,NULL,NULL),(725,'3163742780','PLOG','https://zoosum-bucket.s3.ap-northeast-2.amazonaws.com/Activity/3163742780/2023-11-15-14-30-59.jpg','2023-11-15 14:31:05','2023-11-15 14:31:05',NULL,0,1,0,NULL,NULL,NULL,NULL),(726,'3163742780','PLOG','https://zoosum-bucket.s3.ap-northeast-2.amazonaws.com/Activity/3163742780/2023-11-15-14-31-0.jpg','2023-11-15 14:31:05','2023-11-15 14:31:05',NULL,0,1,0,NULL,NULL,NULL,NULL),(728,'3163742780','PLOG','https://zoosum-bucket.s3.ap-northeast-2.amazonaws.com/Activity/3163742780/2023-11-15-14-32-13.jpg','2023-11-15 14:32:13','2023-11-15 14:32:13',NULL,0,55,1,NULL,NULL,NULL,NULL),(729,'3163826341','PLOG','https://zoosum-bucket.s3.ap-northeast-2.amazonaws.com/Activity/3163826341/2023-11-15-14-32-33.jpg','2023-11-15 14:32:34','2023-11-15 14:32:34',NULL,260,167,4,NULL,NULL,NULL,NULL),(730,'3163742780','PLOG','https://zoosum-bucket.s3.ap-northeast-2.amazonaws.com/Activity/3163742780/2023-11-15-14-33-0.jpg','2023-11-15 14:33:00','2023-11-15 14:33:00',NULL,0,27,2,NULL,NULL,NULL,NULL),(731,'3163742780','PLOG','https://zoosum-bucket.s3.ap-northeast-2.amazonaws.com/Activity/3163742780/2023-11-15-14-34-19.jpg','2023-11-15 14:34:19','2023-11-15 14:34:19',NULL,0,58,2,NULL,NULL,NULL,NULL),(732,'3163826341','PLOG','https://zoosum-bucket.s3.ap-northeast-2.amazonaws.com/Activity/3163826341/2023-11-15-14-34-25.jpg','2023-11-15 14:34:26','2023-11-15 14:34:26',NULL,0,53,1,NULL,NULL,NULL,NULL),(733,'3163742780','PLOG','https://zoosum-bucket.s3.ap-northeast-2.amazonaws.com/Activity/3163742780/2023-11-15-14-35-24.jpg','2023-11-15 14:35:25','2023-11-15 14:35:25',NULL,0,34,1,NULL,NULL,NULL,NULL),(734,'3163742780','PLOG','https://zoosum-bucket.s3.ap-northeast-2.amazonaws.com/Activity/3163742780/2023-11-15-14-36-26.jpg','2023-11-15 14:36:27','2023-11-15 14:36:27',NULL,10,34,3,NULL,NULL,NULL,NULL),(735,'3163742780','PLOG','https://zoosum-bucket.s3.ap-northeast-2.amazonaws.com/Activity/3163742780/2023-11-15-14-36-27.jpg','2023-11-15 14:36:28','2023-11-15 14:36:28',NULL,10,34,3,NULL,NULL,NULL,NULL),(736,'3163742780','PLOG','https://zoosum-bucket.s3.ap-northeast-2.amazonaws.com/Activity/3163742780/2023-11-15-14-36-28.jpg','2023-11-15 14:36:28','2023-11-15 14:36:28',NULL,10,34,3,NULL,NULL,NULL,NULL),(738,'3163826341','PLOG','https://zoosum-bucket.s3.ap-northeast-2.amazonaws.com/Activity/3163826341/2023-11-15-14-37-10.jpg','2023-11-15 14:37:11','2023-11-15 14:37:11',NULL,80,70,3,NULL,NULL,NULL,NULL),(739,'3163742780','PLOG','https://zoosum-bucket.s3.ap-northeast-2.amazonaws.com/Activity/3163742780/2023-11-15-14-37-40.jpg','2023-11-15 14:37:40','2023-11-15 14:37:40',NULL,0,30,1,NULL,NULL,NULL,NULL),(744,'3163826341','PLOG','https://zoosum-bucket.s3.ap-northeast-2.amazonaws.com/Activity/3163826341/2023-11-15-14-51-0.jpg','2023-11-15 14:51:01','2023-11-15 14:51:01',NULL,0,118,2,NULL,NULL,NULL,NULL),(747,'3163549071','PLOG','https://zoosum-bucket.s3.ap-northeast-2.amazonaws.com/Activity/3163549071/2023-11-15-15-17-32.jpg','2023-11-15 15:17:33','2023-11-15 15:17:33',NULL,0,14,1,NULL,NULL,NULL,NULL),(748,'3163549071','PLOG','https://zoosum-bucket.s3.ap-northeast-2.amazonaws.com/Activity/3163549071/2023-11-15-15-17-34.jpg','2023-11-15 15:17:34','2023-11-15 15:17:34',NULL,0,14,1,NULL,NULL,NULL,NULL),(750,'3163742780','PLOG','https://zoosum-bucket.s3.ap-northeast-2.amazonaws.com/Activity/3163742780/2023-11-15-15-19-24.jpg','2023-11-15 15:19:24','2023-11-15 15:19:24',NULL,0,28,2,NULL,NULL,NULL,NULL),(751,'3163742780','PLOG','https://zoosum-bucket.s3.ap-northeast-2.amazonaws.com/Activity/3163742780/2023-11-15-15-21-6.jpg','2023-11-15 15:21:06','2023-11-15 15:21:06',NULL,0,30,1,NULL,NULL,NULL,NULL),(752,'3163742780','PLOG','https://zoosum-bucket.s3.ap-northeast-2.amazonaws.com/Activity/3163742780/2023-11-15-15-24-28.jpg','2023-11-15 15:24:29','2023-11-15 15:24:29',NULL,0,103,1,NULL,NULL,NULL,NULL),(753,'3163742780','PLOG','https://zoosum-bucket.s3.ap-northeast-2.amazonaws.com/Activity/3163742780/2023-11-15-15-28-9.jpg','2023-11-15 15:28:09','2023-11-15 15:28:09',NULL,10,51,1,NULL,NULL,NULL,NULL),(754,'3163742780','PLOG','https://zoosum-bucket.s3.ap-northeast-2.amazonaws.com/Activity/3163742780/2023-11-15-15-28-10.jpg','2023-11-15 15:28:10','2023-11-15 15:28:10',NULL,10,51,1,NULL,NULL,NULL,NULL),(758,'3141238159','PLOG','https://zoosum-bucket.s3.ap-northeast-2.amazonaws.com/Activity/3141238159/2023-11-15-19-54-6.jpg','2023-11-15 19:54:04','2023-11-15 19:54:04',NULL,0,250,2,NULL,NULL,NULL,NULL),(759,'3141238159','PLOG','https://zoosum-bucket.s3.ap-northeast-2.amazonaws.com/Activity/3141238159/2023-11-15-20-10-23.jpg','2023-11-15 20:10:22','2023-11-15 20:10:22',NULL,0,569,2,NULL,NULL,NULL,NULL),(760,'3141238159','PLOG','https://zoosum-bucket.s3.ap-northeast-2.amazonaws.com/Activity/3141238159/2023-11-15-20-55-49.jpg','2023-11-15 20:55:46','2023-11-15 20:55:46',NULL,0,620,0,NULL,NULL,NULL,NULL),(761,'3141238159','PLOG','https://zoosum-bucket.s3.ap-northeast-2.amazonaws.com/Activity/3141238159/2023-11-15-22-52-18.jpg','2023-11-15 22:52:16','2023-11-15 22:52:16',NULL,0,1,100,NULL,NULL,NULL,NULL),(762,'3140336712','PLOG','https://zoosum-bucket.s3.ap-northeast-2.amazonaws.com/Activity/3140336712/2023-11-15-23-12-0.jpg','2023-11-15 23:12:00','2023-11-15 23:12:00',NULL,0,82,2,NULL,NULL,NULL,NULL),(763,'3140336712','PLOG','https://zoosum-bucket.s3.ap-northeast-2.amazonaws.com/Activity/3140336712/2023-11-16-3-48-56.jpg','2023-11-16 03:48:56','2023-11-16 03:48:56',NULL,0,28,2,NULL,NULL,NULL,NULL),(765,'3152065625','PLOG','https://zoosum-bucket.s3.ap-northeast-2.amazonaws.com/Activity/3152065625/2023-11-16-9-30-57.jpg','2023-11-16 09:30:56','2023-11-16 09:30:56',NULL,260,200,7,NULL,NULL,NULL,NULL),(766,'3152065625','TREE','https://zoosum-bucket.s3.ap-northeast-2.amazonaws.com/Activity/3152065625/tree-2023-11-16-09%3A32%3A17','2023-11-16 09:32:18','2023-11-16 09:32:18',NULL,NULL,NULL,NULL,'아낌없이 주는 나무','1999-09-16','김싸피','01012341234'),(767,'3139675088','TREE','https://zoosum-bucket.s3.ap-northeast-2.amazonaws.com/Activity/3139675088/tree-2023-11-16-10%3A06%3A26','2023-11-16 10:06:27','2023-11-16 10:06:27',NULL,NULL,NULL,NULL,'마지막잎새','1999-09-16','노수혁','010-6544-4581'),(768,'3139675088','TREE','https://zoosum-bucket.s3.ap-northeast-2.amazonaws.com/Activity/3139675088/tree-2023-11-16-10%3A07%3A14','2023-11-16 10:07:14','2023-11-16 10:07:14',NULL,NULL,NULL,NULL,'마지막잎새','1999-09-16','노수혁','01065444581'),(769,'3155976377','PLOG','https://zoosum-bucket.s3.ap-northeast-2.amazonaws.com/Activity/3155976377/2023-11-16-10-9-40.jpg','2023-11-16 10:09:40','2023-11-16 10:09:40',NULL,210,99,2,NULL,NULL,NULL,NULL),(772,'3155976377','PLOG','https://zoosum-bucket.s3.ap-northeast-2.amazonaws.com/Activity/3155976377/2023-11-16-10-19-19.jpg','2023-11-16 10:19:19','2023-11-16 10:19:19',NULL,50,64,9,NULL,NULL,NULL,NULL),(775,'3141238159','PLOG','https://zoosum-bucket.s3.ap-northeast-2.amazonaws.com/Activity/3141238159/2023-11-16-10-20-45.jpg','2023-11-16 10:20:42','2023-11-16 10:20:42',NULL,0,6,0,NULL,NULL,NULL,NULL),(777,'3155976377','PLOG','https://zoosum-bucket.s3.ap-northeast-2.amazonaws.com/Activity/3155976377/2023-11-16-10-25-24.jpg','2023-11-16 10:25:24','2023-11-16 10:25:24',NULL,40,173,10,NULL,NULL,NULL,NULL),(782,'3152065625','TREE','https://zoosum-bucket.s3.ap-northeast-2.amazonaws.com/Activity/3152065625/tree-2023-11-16-10%3A32%3A11','2023-11-16 10:32:12','2023-11-16 10:32:12',NULL,NULL,NULL,NULL,'아낌없이 주는 나무','1999-09-16','이은성','010565545'),(783,'3140336712','PLOG','https://zoosum-bucket.s3.ap-northeast-2.amazonaws.com/Activity/3140336712/2023-11-16-10-32-59.jpg','2023-11-16 10:32:59','2023-11-16 10:32:59',NULL,0,2,0,NULL,NULL,NULL,NULL),(784,'3140336712','PLOG','https://zoosum-bucket.s3.ap-northeast-2.amazonaws.com/Activity/3140336712/2023-11-16-10-33-14.jpg','2023-11-16 10:33:14','2023-11-16 10:33:14',NULL,0,1,0,NULL,NULL,NULL,NULL),(785,'3140336712','PLOG','https://zoosum-bucket.s3.ap-northeast-2.amazonaws.com/Activity/3140336712/2023-11-16-10-33-32.jpg','2023-11-16 10:33:32','2023-11-16 10:33:32',NULL,0,1,0,NULL,NULL,NULL,NULL),(786,'3152065625','TREE','https://zoosum-bucket.s3.ap-northeast-2.amazonaws.com/Activity/3152065625/tree-2023-11-16-10%3A37%3A29','2023-11-16 10:37:29','2023-11-16 10:37:29',NULL,NULL,NULL,NULL,'아낌없이 쥬는 나무','1999-09-16','김싸피','01073718022'),(788,'3140336712','PLOG','https://zoosum-bucket.s3.ap-northeast-2.amazonaws.com/Activity/3140336712/2023-11-16-10-39-37.jpg','2023-11-16 10:39:37','2023-11-16 10:39:37',NULL,0,1,0,NULL,NULL,NULL,NULL),(789,'3140336712','PLOG','https://zoosum-bucket.s3.ap-northeast-2.amazonaws.com/Activity/3140336712/2023-11-16-10-40-6.jpg','2023-11-16 10:40:06','2023-11-16 10:40:06',NULL,0,2,0,NULL,NULL,NULL,NULL),(790,'3141238159','PLOG','https://zoosum-bucket.s3.ap-northeast-2.amazonaws.com/Activity/3141238159/2023-11-16-10-40-22.jpg','2023-11-16 10:40:18','2023-11-16 10:40:18',NULL,0,6,0,NULL,NULL,NULL,NULL),(791,'3141238159','PLOG','https://zoosum-bucket.s3.ap-northeast-2.amazonaws.com/Activity/3141238159/2023-11-16-10-40-25.jpg','2023-11-16 10:40:22','2023-11-16 10:40:22',NULL,0,6,0,NULL,NULL,NULL,NULL),(792,'3140336712','PLOG','https://zoosum-bucket.s3.ap-northeast-2.amazonaws.com/Activity/3140336712/2023-11-16-10-40-49.jpg','2023-11-16 10:40:49','2023-11-16 10:40:49',NULL,0,0,0,NULL,NULL,NULL,NULL),(793,'3155976377','TREE','https://zoosum-bucket.s3.ap-northeast-2.amazonaws.com/Activity/3155976377/tree-2023-11-16-10%3A43%3A05','2023-11-16 10:43:05','2023-11-16 10:43:05',NULL,NULL,NULL,NULL,'아낌없는 나무','2000-01-01','김싸피','01012345678'),(794,'3140336712','PLOG','https://zoosum-bucket.s3.ap-northeast-2.amazonaws.com/Activity/3140336712/2023-11-16-10-45-57.jpg','2023-11-16 10:45:58','2023-11-16 10:45:58',NULL,0,99,0,NULL,NULL,NULL,NULL),(796,'3140336712','PLOG','https://zoosum-bucket.s3.ap-northeast-2.amazonaws.com/Activity/3140336712/2023-11-16-10-49-23.jpg','2023-11-16 10:49:22','2023-11-16 10:49:22',NULL,0,2,0,NULL,NULL,NULL,NULL),(797,'3140336712','PLOG','https://zoosum-bucket.s3.ap-northeast-2.amazonaws.com/Activity/3140336712/2023-11-16-10-49-47.jpg','2023-11-16 10:49:47','2023-11-16 10:49:47',NULL,0,12,0,NULL,NULL,NULL,NULL),(798,'3140336712','PLOG','https://zoosum-bucket.s3.ap-northeast-2.amazonaws.com/Activity/3140336712/2023-11-16-10-51-8.jpg','2023-11-16 10:51:08','2023-11-16 10:51:08',NULL,0,1,0,NULL,NULL,NULL,NULL),(799,'3140336712','PLOG','https://zoosum-bucket.s3.ap-northeast-2.amazonaws.com/Activity/3140336712/2023-11-16-10-51-19.jpg','2023-11-16 10:51:20','2023-11-16 10:51:20',NULL,0,1,0,NULL,NULL,NULL,NULL),(800,'3140336712','PLOG','https://zoosum-bucket.s3.ap-northeast-2.amazonaws.com/Activity/3140336712/2023-11-16-10-51-29.jpg','2023-11-16 10:51:29','2023-11-16 10:51:29',NULL,0,1,0,NULL,NULL,NULL,NULL),(801,'3140336712','PLOG','https://zoosum-bucket.s3.ap-northeast-2.amazonaws.com/Activity/3140336712/2023-11-16-10-51-42.jpg','2023-11-16 10:51:42','2023-11-16 10:51:42',NULL,0,1,0,NULL,NULL,NULL,NULL),(802,'3140336712','PLOG','https://zoosum-bucket.s3.ap-northeast-2.amazonaws.com/Activity/3140336712/2023-11-16-10-56-4.jpg','2023-11-16 10:56:04','2023-11-16 10:56:04',NULL,0,2,0,NULL,NULL,NULL,NULL),(803,'3140336712','PLOG','https://zoosum-bucket.s3.ap-northeast-2.amazonaws.com/Activity/3140336712/2023-11-16-10-56-19.jpg','2023-11-16 10:56:19','2023-11-16 10:56:19',NULL,0,5,0,NULL,NULL,NULL,NULL),(804,'3140336712','PLOG','https://zoosum-bucket.s3.ap-northeast-2.amazonaws.com/Activity/3140336712/2023-11-16-10-56-27.jpg','2023-11-16 10:56:27','2023-11-16 10:56:27',NULL,0,2,0,NULL,NULL,NULL,NULL),(806,'3155976377','PLOG','https://zoosum-bucket.s3.ap-northeast-2.amazonaws.com/Activity/3155976377/2023-11-16-11-10-8.jpg','2023-11-16 11:10:08','2023-11-16 11:10:08',NULL,0,128,9,NULL,NULL,NULL,NULL),(808,'3152065625','PLOG','https://zoosum-bucket.s3.ap-northeast-2.amazonaws.com/Activity/3152065625/2023-11-16-12-49-42.jpg','2023-11-16 12:49:44','2023-11-16 12:49:44',NULL,1010,693,6,NULL,NULL,NULL,NULL),(809,'3141238159','PLOG','https://zoosum-bucket.s3.ap-northeast-2.amazonaws.com/Activity/3141238159/2023-11-16-13-3-34.jpg','2023-11-16 13:03:31','2023-11-16 13:03:31',NULL,0,17,0,NULL,NULL,NULL,NULL),(811,'3140336712','PLOG','https://zoosum-bucket.s3.ap-northeast-2.amazonaws.com/Activity/3140336712/2023-11-16-13-33-54.jpg','2023-11-16 13:33:54','2023-11-16 13:33:54',NULL,0,3,0,NULL,NULL,NULL,NULL),(812,'3155976377','PLOG','https://zoosum-bucket.s3.ap-northeast-2.amazonaws.com/Activity/3155976377/2023-11-16-13-47-52.jpg','2023-11-16 13:47:52','2023-11-16 13:47:52',NULL,0,112,13,NULL,NULL,NULL,NULL),(816,'3165441191','PLOG','https://zoosum-bucket.s3.ap-northeast-2.amazonaws.com/Activity/3165441191/2023-11-16-15-8-37.jpg','2023-11-16 15:08:38','2023-11-16 15:08:38',NULL,0,113,1,NULL,NULL,NULL,NULL),(818,'3165441191','PLOG','https://zoosum-bucket.s3.ap-northeast-2.amazonaws.com/Activity/3165441191/2023-11-16-15-10-27.jpg','2023-11-16 15:10:28','2023-11-16 15:10:28',NULL,0,86,3,NULL,NULL,NULL,NULL),(819,'3140336712','PLOG','https://zoosum-bucket.s3.ap-northeast-2.amazonaws.com/Activity/3140336712/2023-11-16-16-8-37.jpg','2023-11-16 16:08:37','2023-11-16 16:08:37',NULL,0,140,4,NULL,NULL,NULL,NULL),(820,'3152065625','PLOG','https://zoosum-bucket.s3.ap-northeast-2.amazonaws.com/Activity/3152065625/2023-11-16-16-12-34.jpg','2023-11-16 16:12:35','2023-11-16 16:12:35',NULL,0,348,2,NULL,NULL,NULL,NULL),(821,'3152065625','PLOG','https://zoosum-bucket.s3.ap-northeast-2.amazonaws.com/Activity/3152065625/2023-11-16-16-49-52.jpg','2023-11-16 16:49:54','2023-11-16 16:49:54',NULL,0,457,4,NULL,NULL,NULL,NULL),(822,'3152065625','PLOG','https://zoosum-bucket.s3.ap-northeast-2.amazonaws.com/Activity/3152065625/2023-11-16-17-1-24.jpg','2023-11-16 17:01:25','2023-11-16 17:01:25',NULL,0,220,1,NULL,NULL,NULL,NULL),(823,'3139675088','PLOG','https://zoosum-bucket.s3.ap-northeast-2.amazonaws.com/Activity/3139675088/2023-11-16-17-25-13.jpg','2023-11-16 17:25:10','2023-11-16 17:25:10',NULL,0,124,0,NULL,NULL,NULL,NULL),(824,'3152065625','PLOG','https://zoosum-bucket.s3.ap-northeast-2.amazonaws.com/Activity/3152065625/2023-11-16-17-52-6.jpg','2023-11-16 17:52:07','2023-11-16 17:52:07',NULL,0,1,0,NULL,NULL,NULL,NULL),(825,'3155976377','PLOG','https://zoosum-bucket.s3.ap-northeast-2.amazonaws.com/Activity/3155976377/2023-11-16-19-53-32.jpg','2023-11-16 19:53:32','2023-11-16 19:53:32',NULL,0,131,10,NULL,NULL,NULL,NULL),(826,'3155976377','PLOG','https://zoosum-bucket.s3.ap-northeast-2.amazonaws.com/Activity/3155976377/2023-11-16-19-59-15.jpg','2023-11-16 19:59:15','2023-11-16 19:59:15',NULL,0,83,5,NULL,NULL,NULL,NULL),(827,'3152065625','TREE','https://zoosum-bucket.s3.ap-northeast-2.amazonaws.com/Activity/3152065625/tree-2023-11-16-20%3A02%3A06','2023-11-16 20:02:06','2023-11-16 20:02:06',NULL,NULL,NULL,NULL,'라임나무','1999-09-16','이운성','01045678913'),(828,'3139675088','PLOG','https://zoosum-bucket.s3.ap-northeast-2.amazonaws.com/Activity/3139675088/2023-11-16-20-2-31.jpg','2023-11-16 20:02:31','2023-11-16 20:02:31',NULL,0,2,0,NULL,NULL,NULL,NULL),(829,'3139675088','PLOG','https://zoosum-bucket.s3.ap-northeast-2.amazonaws.com/Activity/3139675088/2023-11-16-20-2-38.jpg','2023-11-16 20:02:39','2023-11-16 20:02:39',NULL,0,0,0,NULL,NULL,NULL,NULL),(830,'3139675088','PLOG','https://zoosum-bucket.s3.ap-northeast-2.amazonaws.com/Activity/3139675088/2023-11-16-20-3-23.jpg','2023-11-16 20:03:24','2023-11-16 20:03:24',NULL,0,0,0,NULL,NULL,NULL,NULL),(831,'3139675088','PLOG','https://zoosum-bucket.s3.ap-northeast-2.amazonaws.com/Activity/3139675088/2023-11-16-20-3-36.jpg','2023-11-16 20:03:36','2023-11-16 20:03:36',NULL,0,0,0,NULL,NULL,NULL,NULL),(832,'3139675088','PLOG','https://zoosum-bucket.s3.ap-northeast-2.amazonaws.com/Activity/3139675088/2023-11-16-20-3-42.jpg','2023-11-16 20:03:43','2023-11-16 20:03:43',NULL,0,0,0,NULL,NULL,NULL,NULL),(833,'3139675088','PLOG','https://zoosum-bucket.s3.ap-northeast-2.amazonaws.com/Activity/3139675088/2023-11-16-20-3-48.jpg','2023-11-16 20:03:48','2023-11-16 20:03:48',NULL,0,0,0,NULL,NULL,NULL,NULL),(834,'3139675088','PLOG','https://zoosum-bucket.s3.ap-northeast-2.amazonaws.com/Activity/3139675088/2023-11-16-20-3-55.jpg','2023-11-16 20:03:55','2023-11-16 20:03:55',NULL,0,0,0,NULL,NULL,NULL,NULL),(835,'3155976377','PLOG','https://zoosum-bucket.s3.ap-northeast-2.amazonaws.com/Activity/3155976377/2023-11-16-20-4-34.jpg','2023-11-16 20:04:34','2023-11-16 20:04:34',NULL,0,47,2,NULL,NULL,NULL,NULL),(836,'3139675088','PLOG','https://zoosum-bucket.s3.ap-northeast-2.amazonaws.com/Activity/3139675088/2023-11-16-20-4-35.jpg','2023-11-16 20:04:35','2023-11-16 20:04:35',NULL,0,1,0,NULL,NULL,NULL,NULL),(837,'3139675088','PLOG','https://zoosum-bucket.s3.ap-northeast-2.amazonaws.com/Activity/3139675088/2023-11-16-20-4-57.jpg','2023-11-16 20:04:58','2023-11-16 20:04:58',NULL,0,15,0,NULL,NULL,NULL,NULL),(838,'3139675088','PLOG','https://zoosum-bucket.s3.ap-northeast-2.amazonaws.com/Activity/3139675088/2023-11-16-20-5-14.jpg','2023-11-16 20:05:15','2023-11-16 20:05:15',NULL,0,10,0,NULL,NULL,NULL,NULL),(839,'3139675088','PLOG','https://zoosum-bucket.s3.ap-northeast-2.amazonaws.com/Activity/3139675088/2023-11-16-20-5-51.jpg','2023-11-16 20:05:52','2023-11-16 20:05:52',NULL,0,24,0,NULL,NULL,NULL,NULL),(840,'3139675088','PLOG','https://zoosum-bucket.s3.ap-northeast-2.amazonaws.com/Activity/3139675088/2023-11-16-20-55-54.jpg','2023-11-16 20:55:54','2023-11-16 20:55:54',NULL,0,10,0,NULL,NULL,NULL,NULL),(841,'3139675088','PLOG','https://zoosum-bucket.s3.ap-northeast-2.amazonaws.com/Activity/3139675088/2023-11-16-21-3-57.jpg','2023-11-16 21:03:57','2023-11-16 21:03:57',NULL,0,7,0,NULL,NULL,NULL,NULL),(842,'3139675088','PLOG','https://zoosum-bucket.s3.ap-northeast-2.amazonaws.com/Activity/3139675088/2023-11-16-21-4-18.jpg','2023-11-16 21:04:18','2023-11-16 21:04:18',NULL,0,14,0,NULL,NULL,NULL,NULL),(843,'3163521520','PLOG','https://zoosum-bucket.s3.ap-northeast-2.amazonaws.com/Activity/3163521520/2023-11-16-21-4-53.jpg','2023-11-16 21:04:54','2023-11-16 21:04:54',NULL,0,93,1,NULL,NULL,NULL,NULL),(844,'3139675088','PLOG','https://zoosum-bucket.s3.ap-northeast-2.amazonaws.com/Activity/3139675088/2023-11-16-21-25-44.jpg','2023-11-16 21:25:45','2023-11-16 21:25:45',NULL,0,12,0,NULL,NULL,NULL,NULL),(845,'3139675088','TREE','https://zoosum-bucket.s3.ap-northeast-2.amazonaws.com/Activity/3139675088/tree-2023-11-16-22%3A02%3A47','2023-11-16 22:02:47','2023-11-16 22:02:47',NULL,NULL,NULL,NULL,'어이구','1997-09-26','노수','01012345678'),(846,'3155976377','PLOG','https://zoosum-bucket.s3.ap-northeast-2.amazonaws.com/Activity/3155976377/2023-11-16-22-3-19.jpg','2023-11-16 22:03:20','2023-11-16 22:03:20',NULL,0,82,9,NULL,NULL,NULL,NULL),(847,'3152065625','PLOG','https://zoosum-bucket.s3.ap-northeast-2.amazonaws.com/Activity/3152065625/2023-11-16-22-14-7.jpg','2023-11-16 22:14:07','2023-11-16 22:14:07',NULL,0,68,0,NULL,NULL,NULL,NULL),(848,'3152065625','PLOG','https://zoosum-bucket.s3.ap-northeast-2.amazonaws.com/Activity/3152065625/2023-11-16-22-48-48.jpg','2023-11-16 22:48:48','2023-11-16 22:48:48',NULL,0,391,4,NULL,NULL,NULL,NULL),(849,'3152065625','PLOG','https://zoosum-bucket.s3.ap-northeast-2.amazonaws.com/Activity/3152065625/2023-11-16-22-58-30.jpg','2023-11-16 22:58:30','2023-11-16 22:58:30',NULL,0,149,5,NULL,NULL,NULL,NULL),(850,'3152065625','PLOG','https://zoosum-bucket.s3.ap-northeast-2.amazonaws.com/Activity/3152065625/2023-11-16-23-8-24.jpg','2023-11-16 23:08:25','2023-11-16 23:08:25',NULL,0,124,4,NULL,NULL,NULL,NULL),(851,'3155976377','TREE','https://zoosum-bucket.s3.ap-northeast-2.amazonaws.com/Activity/3155976377/tree-2023-11-17-00%3A17%3A24','2023-11-17 00:17:24','2023-11-17 00:17:24',NULL,NULL,NULL,NULL,'사과나무','2000-01-01','김싸피','01012345678'),(852,'3152065625','PLOG','https://zoosum-bucket.s3.ap-northeast-2.amazonaws.com/Activity/3152065625/2023-11-17-1-17-0.jpg','2023-11-17 01:17:01','2023-11-17 01:17:01',NULL,0,57,2,NULL,NULL,NULL,NULL);
/*!40000 ALTER TABLE `activity_history` ENABLE KEYS */;
UNLOCK TABLES;

--
-- Table structure for table `animal`
--

DROP TABLE IF EXISTS `animal`;
/*!40101 SET @saved_cs_client     = @@character_set_client */;
/*!40101 SET character_set_client = utf8 */;
CREATE TABLE `animal` (
  `animal_id` bigint(20) NOT NULL AUTO_INCREMENT,
  `animal_name` varchar(20) NOT NULL,
  `description` text NOT NULL,
  PRIMARY KEY (`animal_id`)
) ENGINE=InnoDB AUTO_INCREMENT=37 DEFAULT CHARSET=utf8mb4 COLLATE=utf8mb4_general_ci;
/*!40101 SET character_set_client = @saved_cs_client */;

--
-- Dumping data for table `animal`
--

LOCK TABLES `animal` WRITE;
/*!40000 ALTER TABLE `animal` DISABLE KEYS */;
INSERT INTO `animal` VALUES (1,'송송이','툰드라 지방에서 온 여우로 흰 털이 매력적인 정령입니다'),(2,'불불이','이름처럼 불같은 성격을 가진 소 정령입니다'),(3,'핑구','뒤뚱뒤뚱 귀엽게 걷는 것이 장기인 펭귄 정령입니다'),(4,'당당이','당근을 좋아하는 순록 정령으로 멋진 뿔을 가지고 있습니다'),(5,'은빛이','은빛 날개가 아주 예쁜 올빼미정령입니다'),(6,'코코','새하얀 몸을 가진 장난 치는 것을 좋아하는 족제비 정령입니다'),(7,'뚜이','무리 생활을 통해 가족을 소중히 지키는 버팔로 정령입니다'),(8,'삐약이','작은 병아리 정령으로 누구에게나 사랑받는 귀여움을 가집니다'),(9,'밀키','분홍색 코가 매력적이며 얼룩진 모습이 귀여운 젖소 정령입니다'),(10,'동키','큰 귀와 길쭉한 몸을 가진 당근을 아주 좋아하는 당나귀 정령입니다'),(11,'꽥꽥이','언제나 하늘을 날고 싶어하는 귀여운 오리 정령입니다'),(12,'토실이','둥글고 매끄러운 몸을 가진  토실토실 돼지 정령입니다'),(13,'잠잠이','흰 털로 몸이 가득 덮힌 양 정령으로 귀여운 귀가 특징입니다'),(14,'이글이','멋지게 날고 싶은 아기 독수리 정령으로 사실은 날지 못합니다'),(15,'뽀리','영리한 여우 정령으로 늘 구슬을 찾아 여행을 떠납니다'),(16,'쿤쿤이','먼 나라 미국에서 온 라쿤 정령으로 귀여운 꼬리가 특징입니다'),(17,'아웅','카리스마가 넘치는 늑대 정령으로 언제나 듬직한 친구입니다'),(18,'냥이','줄무늬가 귀여운 고양이 정령으로 수염을 늘 정갈하게 정리해놓습니다'),(19,'멍이','노란색을 띈 귀여운 강아지 정령으로 짧은 다리가 인상적입니다'),(20,'콩이','분홍색 토끼 정령으로 늘 경주 할 거북이를 찾아 떠납니다'),(21,'느림이','귀여운 거북이 정령으로 매일 찾아오는 콩이가 귀찮기만 합니다'),(22,'똘이','날렵한 치타 정령으로 길쭉한 몸과 점박이가 특징입니다'),(23,'뿌우','작고 귀여운 코끼리 정령으로 멋진 상아를 가지고 있습니다'),(24,'피치','목이 긴 플라밍고 정령으로 호기심이 많아 언제나 두리번거립니다'),(25,'루루','우아한 가젤 정령으로 무리를 지어 달리기를 하는 것을 좋아합니다'),(26,'뽀니','장난기 가득한 얼룩말 정령으로 친구들하는 달리기 시합을 좋아합니다'),(27,'혼혼이','멋진 뿔을 가지고 있는 빅혼 정령으로 당당이를 좋아합니다'),(28,'봉울이','혹을 가지고 있는 낙타 정령으로 혹에는 항상 간식을 두고 다닙니다'),(29,'갸루','작은 캥거루 정령으로 폴짝 뛰어다니는 것을 참 좋아합니다'),(30,'코비','나무에 늘 매달려 있는 코알라 정령으로 만사가 귀찮습니다'),(31,'리링','주걱같은 입을 가진 오리너구리 정령으로 언제나 땅을 파며 다닙니다'),(32,'푸바오','인기있는 판다 정령으로 사람들을 매우 좋아한답니다'),(33,'콕콕이','멋진 꼬리를 가진 공작 정령으로 날개로 멋짐을 자랑한답니다'),(34,'라코코','이빨이 귀여운 악어 정령으로 수영을 좋아합니다'),(35,'쪼쪼','몸이 흰 백조 정령으로 얼굴에는 늘 검은 마스크를 쓰고 있습니다'),(36,'라이농','듬직한 코뿔소 정령으로 우람한 몸과 달리 속은 굉장히 소심하답니다');
/*!40000 ALTER TABLE `animal` ENABLE KEYS */;
UNLOCK TABLES;

--
-- Table structure for table `animal_motion`
--

DROP TABLE IF EXISTS `animal_motion`;
/*!40101 SET @saved_cs_client     = @@character_set_client */;
/*!40101 SET character_set_client = utf8 */;
CREATE TABLE `animal_motion` (
  `animal_motion_id` bigint(20) NOT NULL AUTO_INCREMENT,
  `animal_id` bigint(20) NOT NULL,
  `motion_category` varchar(20) NOT NULL,
  `file_url` varchar(255) NOT NULL,
  PRIMARY KEY (`animal_motion_id`),
  KEY `FK_ANIMAL_TO_ANIMAL_MOTION_1` (`animal_id`),
  CONSTRAINT `FK_ANIMAL_TO_ANIMAL_MOTION_1` FOREIGN KEY (`animal_id`) REFERENCES `animal` (`animal_id`)
) ENGINE=InnoDB AUTO_INCREMENT=1235 DEFAULT CHARSET=utf8mb4 COLLATE=utf8mb4_general_ci;
/*!40101 SET character_set_client = @saved_cs_client */;

--
-- Dumping data for table `animal_motion`
--

LOCK TABLES `animal_motion` WRITE;
/*!40000 ALTER TABLE `animal_motion` DISABLE KEYS */;
INSERT INTO `animal_motion` VALUES (1,1,'IDLE','https://zoosum-bucket.s3.ap-northeast-2.amazonaws.com/Animal/ArcticFox/ArcticFox_0.png'),(2,1,'BREATH','https://zoosum-bucket.s3.ap-northeast-2.amazonaws.com/Animal/ArcticFox/ArcticFox_1.gif'),(3,1,'SPIN','https://zoosum-bucket.s3.ap-northeast-2.amazonaws.com/Animal/ArcticFox/ArcticFox_2.gif'),(4,1,'SIT','https://zoosum-bucket.s3.ap-northeast-2.amazonaws.com/Animal/ArcticFox/ArcticFox_3.gif'),(5,2,'IDLE','https://zoosum-bucket.s3.ap-northeast-2.amazonaws.com/Animal/Ox/Ox_0.png'),(6,2,'BREATH','https://zoosum-bucket.s3.ap-northeast-2.amazonaws.com/Animal/Ox/Ox_1.gif'),(7,2,'SPIN','https://zoosum-bucket.s3.ap-northeast-2.amazonaws.com/Animal/Ox/Ox_2.gif'),(8,2,'SIT','https://zoosum-bucket.s3.ap-northeast-2.amazonaws.com/Animal/Ox/Ox_3.gif'),(9,3,'IDLE','https://zoosum-bucket.s3.ap-northeast-2.amazonaws.com/Animal/Penguin/Penguin_0.png'),(10,3,'BREATH','https://zoosum-bucket.s3.ap-northeast-2.amazonaws.com/Animal/Penguin/Penguin_1.gif'),(11,3,'SPIN','https://zoosum-bucket.s3.ap-northeast-2.amazonaws.com/Animal/Penguin/Penguin_2.gif'),(12,3,'SIT','https://zoosum-bucket.s3.ap-northeast-2.amazonaws.com/Animal/Penguin/Penguin_3.gif'),(13,4,'IDLE','https://zoosum-bucket.s3.ap-northeast-2.amazonaws.com/Animal/Pinedeer/Pinedeer_0.png'),(14,4,'BREATH','https://zoosum-bucket.s3.ap-northeast-2.amazonaws.com/Animal/Pinedeer/Pinedeer_1.gif'),(15,4,'SPIN','https://zoosum-bucket.s3.ap-northeast-2.amazonaws.com/Animal/Pinedeer/Pinedeer_2.gif'),(16,4,'SIT','https://zoosum-bucket.s3.ap-northeast-2.amazonaws.com/Animal/Pinedeer/Pinedeer_3.gif'),(17,5,'IDLE','https://zoosum-bucket.s3.ap-northeast-2.amazonaws.com/Animal/SnowOwl/SnowOwl_0.png'),(18,5,'BREATH','https://zoosum-bucket.s3.ap-northeast-2.amazonaws.com/Animal/SnowOwl/SnowOwl_1.gif'),(19,5,'SPIN','https://zoosum-bucket.s3.ap-northeast-2.amazonaws.com/Animal/SnowOwl/SnowOwl_2.gif'),(20,5,'SIT','https://zoosum-bucket.s3.ap-northeast-2.amazonaws.com/Animal/SnowOwl/SnowOwl_3.gif'),(21,6,'IDLE','https://zoosum-bucket.s3.ap-northeast-2.amazonaws.com/Animal/SnowWeasel/SnowWeasel_0.png'),(22,6,'BREATH','https://zoosum-bucket.s3.ap-northeast-2.amazonaws.com/Animal/SnowWeasel/SnowWeasel_1.gif'),(23,6,'SPIN','https://zoosum-bucket.s3.ap-northeast-2.amazonaws.com/Animal/SnowWeasel/SnowWeasel_2.gif'),(24,6,'SIT','https://zoosum-bucket.s3.ap-northeast-2.amazonaws.com/Animal/SnowWeasel/SnowWeasel_3.gif'),(25,7,'IDLE','https://zoosum-bucket.s3.ap-northeast-2.amazonaws.com/Animal/Buffalo/Buffalo_0.png'),(26,7,'BREATH','https://zoosum-bucket.s3.ap-northeast-2.amazonaws.com/Animal/Buffalo/Buffalo_1.gif'),(27,7,'SPIN','https://zoosum-bucket.s3.ap-northeast-2.amazonaws.com/Animal/Buffalo/Buffalo_2.gif'),(28,7,'SIT','https://zoosum-bucket.s3.ap-northeast-2.amazonaws.com/Animal/Buffalo/Buffalo_3.gif'),(29,8,'IDLE','https://zoosum-bucket.s3.ap-northeast-2.amazonaws.com/Animal/Chick/Chick_0.png'),(30,8,'BREATH','https://zoosum-bucket.s3.ap-northeast-2.amazonaws.com/Animal/Chick/Chick_1.gif'),(31,8,'SPIN','https://zoosum-bucket.s3.ap-northeast-2.amazonaws.com/Animal/Chick/Chick_2.gif'),(32,8,'SIT','https://zoosum-bucket.s3.ap-northeast-2.amazonaws.com/Animal/Chick/Chick_3.gif'),(33,9,'IDLE','https://zoosum-bucket.s3.ap-northeast-2.amazonaws.com/Animal/Cow/Cow_0.png'),(34,9,'BREATH','https://zoosum-bucket.s3.ap-northeast-2.amazonaws.com/Animal/Cow/Cow_1.gif'),(35,9,'SPIN','https://zoosum-bucket.s3.ap-northeast-2.amazonaws.com/Animal/Cow/Cow_2.gif'),(36,9,'SIT','https://zoosum-bucket.s3.ap-northeast-2.amazonaws.com/Animal/Cow/Cow_3.gif'),(37,10,'IDLE','https://zoosum-bucket.s3.ap-northeast-2.amazonaws.com/Animal/Donkey/Donkey_0.png'),(38,10,'BREATH','https://zoosum-bucket.s3.ap-northeast-2.amazonaws.com/Animal/Donkey/Donkey_1.gif'),(39,10,'SPIN','https://zoosum-bucket.s3.ap-northeast-2.amazonaws.com/Animal/Donkey/Donkey_2.gif'),(40,10,'SIT','https://zoosum-bucket.s3.ap-northeast-2.amazonaws.com/Animal/Donkey/Donkey_3.gif'),(41,11,'IDLE','https://zoosum-bucket.s3.ap-northeast-2.amazonaws.com/Animal/Duck/Duck_0.png'),(42,11,'BREATH','https://zoosum-bucket.s3.ap-northeast-2.amazonaws.com/Animal/Duck/Duck_1.gif'),(43,11,'SPIN','https://zoosum-bucket.s3.ap-northeast-2.amazonaws.com/Animal/Duck/Duck_2.gif'),(44,11,'SIT','https://zoosum-bucket.s3.ap-northeast-2.amazonaws.com/Animal/Duck/Duck_3.gif'),(45,12,'IDLE','https://zoosum-bucket.s3.ap-northeast-2.amazonaws.com/Animal/Pig/Pig_0.png'),(46,12,'BREATH','https://zoosum-bucket.s3.ap-northeast-2.amazonaws.com/Animal/Pig/Pig_1.gif'),(47,12,'SPIN','https://zoosum-bucket.s3.ap-northeast-2.amazonaws.com/Animal/Pig/Pig_2.gif'),(48,12,'SIT','https://zoosum-bucket.s3.ap-northeast-2.amazonaws.com/Animal/Pig/Pig_3.gif'),(49,13,'IDLE','https://zoosum-bucket.s3.ap-northeast-2.amazonaws.com/Animal/Sheep/Sheep_0.png'),(50,13,'BREATH','https://zoosum-bucket.s3.ap-northeast-2.amazonaws.com/Animal/Sheep/Sheep_1.gif'),(51,13,'SPIN','https://zoosum-bucket.s3.ap-northeast-2.amazonaws.com/Animal/Sheep/Sheep_2.gif'),(52,13,'SIT','https://zoosum-bucket.s3.ap-northeast-2.amazonaws.com/Animal/Sheep/Sheep_3.gif'),(53,14,'IDLE','https://zoosum-bucket.s3.ap-northeast-2.amazonaws.com/Animal/Eagle/Eagle_0.png'),(54,14,'BREATH','https://zoosum-bucket.s3.ap-northeast-2.amazonaws.com/Animal/Eagle/Eagle_1.gif'),(55,14,'SPIN','https://zoosum-bucket.s3.ap-northeast-2.amazonaws.com/Animal/Eagle/Eagle_2.gif'),(56,14,'SIT','https://zoosum-bucket.s3.ap-northeast-2.amazonaws.com/Animal/Eagle/Eagle_3.gif'),(57,15,'IDLE','https://zoosum-bucket.s3.ap-northeast-2.amazonaws.com/Animal/Fox/Fox_0.png'),(58,15,'BREATH','https://zoosum-bucket.s3.ap-northeast-2.amazonaws.com/Animal/Fox/Fox_1.gif'),(59,15,'SPIN','https://zoosum-bucket.s3.ap-northeast-2.amazonaws.com/Animal/Fox/Fox_2.gif'),(60,15,'SIT','https://zoosum-bucket.s3.ap-northeast-2.amazonaws.com/Animal/Fox/Fox_3.gif'),(61,16,'IDLE','https://zoosum-bucket.s3.ap-northeast-2.amazonaws.com/Animal/Raccoon/Raccoon_0.png'),(62,16,'BREATH','https://zoosum-bucket.s3.ap-northeast-2.amazonaws.com/Animal/Raccoon/Raccoon_1.gif'),(63,16,'SPIN','https://zoosum-bucket.s3.ap-northeast-2.amazonaws.com/Animal/Raccoon/Raccoon_2.gif'),(64,16,'SIT','https://zoosum-bucket.s3.ap-northeast-2.amazonaws.com/Animal/Raccoon/Raccoon_3.gif'),(65,17,'IDLE','https://zoosum-bucket.s3.ap-northeast-2.amazonaws.com/Animal/Wolf/Wolf_0.png'),(66,17,'BREATH','https://zoosum-bucket.s3.ap-northeast-2.amazonaws.com/Animal/Wolf/Wolf_1.gif'),(67,17,'SPIN','https://zoosum-bucket.s3.ap-northeast-2.amazonaws.com/Animal/Wolf/Wolf_2.gif'),(68,17,'SIT','https://zoosum-bucket.s3.ap-northeast-2.amazonaws.com/Animal/Wolf/Wolf_3.gif'),(69,18,'IDLE','https://zoosum-bucket.s3.ap-northeast-2.amazonaws.com/Animal/Cat/Cat_0.png'),(70,18,'BREATH','https://zoosum-bucket.s3.ap-northeast-2.amazonaws.com/Animal/Cat/Cat_1.gif'),(71,18,'SPIN','https://zoosum-bucket.s3.ap-northeast-2.amazonaws.com/Animal/Cat/Cat_2.gif'),(72,18,'SIT','https://zoosum-bucket.s3.ap-northeast-2.amazonaws.com/Animal/Cat/Cat_3.gif'),(73,19,'IDLE','https://zoosum-bucket.s3.ap-northeast-2.amazonaws.com/Animal/Dog/Dog_0.png'),(74,19,'BREATH','https://zoosum-bucket.s3.ap-northeast-2.amazonaws.com/Animal/Dog/Dog_1.gif'),(75,19,'SPIN','https://zoosum-bucket.s3.ap-northeast-2.amazonaws.com/Animal/Dog/Dog_2.gif'),(76,19,'SIT','https://zoosum-bucket.s3.ap-northeast-2.amazonaws.com/Animal/Dog/Dpg_3.gif'),(77,20,'IDLE','https://zoosum-bucket.s3.ap-northeast-2.amazonaws.com/Animal/Rabbit/Rabbit_0.png'),(78,20,'BREATH','https://zoosum-bucket.s3.ap-northeast-2.amazonaws.com/Animal/Rabbit/Rabbit_1.gif'),(79,20,'SPIN','https://zoosum-bucket.s3.ap-northeast-2.amazonaws.com/Animal/Rabbit/Rabbit_2.gif'),(80,20,'SIT','https://zoosum-bucket.s3.ap-northeast-2.amazonaws.com/Animal/Rabbit/Rabbit_3.gif'),(81,21,'IDLE','https://zoosum-bucket.s3.ap-northeast-2.amazonaws.com/Animal/Tortoise/Tortoise_0.png'),(82,21,'BREATH','https://zoosum-bucket.s3.ap-northeast-2.amazonaws.com/Animal/Tortoise/Tortoise_1.gif'),(83,21,'SPIN','https://zoosum-bucket.s3.ap-northeast-2.amazonaws.com/Animal/Tortoise/Tortoise_2.gif'),(84,21,'SIT','https://zoosum-bucket.s3.ap-northeast-2.amazonaws.com/Animal/Tortoise/Tortoise_3.gif'),(85,22,'IDLE','https://zoosum-bucket.s3.ap-northeast-2.amazonaws.com/Animal/Cheetah/Cheetah_0.png'),(86,22,'BREATH','https://zoosum-bucket.s3.ap-northeast-2.amazonaws.com/Animal/Cheetah/Cheetah_1.gif'),(87,22,'SPIN','https://zoosum-bucket.s3.ap-northeast-2.amazonaws.com/Animal/Cheetah/Cheetah_2.gif'),(88,22,'SIT','https://zoosum-bucket.s3.ap-northeast-2.amazonaws.com/Animal/Cheetah/Cheetah_3.gif'),(89,23,'IDLE','https://zoosum-bucket.s3.ap-northeast-2.amazonaws.com/Animal/Elephant/Elephant_0.png'),(90,23,'BREATH','https://zoosum-bucket.s3.ap-northeast-2.amazonaws.com/Animal/Elephant/Elephant_1.gif'),(91,23,'SPIN','https://zoosum-bucket.s3.ap-northeast-2.amazonaws.com/Animal/Elephant/Elephant_2.gif'),(92,23,'SIT','https://zoosum-bucket.s3.ap-northeast-2.amazonaws.com/Animal/Elephant/Elephant_3.gif'),(93,24,'IDLE','https://zoosum-bucket.s3.ap-northeast-2.amazonaws.com/Animal/Flamingo/Flamingo_0.png'),(94,24,'BREATH','https://zoosum-bucket.s3.ap-northeast-2.amazonaws.com/Animal/Flamingo/Flamingo_1.gif'),(95,24,'SPIN','https://zoosum-bucket.s3.ap-northeast-2.amazonaws.com/Animal/Flamingo/Flamingo_2.gif'),(96,24,'SIT','https://zoosum-bucket.s3.ap-northeast-2.amazonaws.com/Animal/Flamingo/Flamingo_3.gif'),(97,25,'IDLE','https://zoosum-bucket.s3.ap-northeast-2.amazonaws.com/Animal/Gazelle/Gazelle_0.png'),(98,25,'BREATH','https://zoosum-bucket.s3.ap-northeast-2.amazonaws.com/Animal/Gazelle/Gazelle_1.gif'),(99,25,'SPIN','https://zoosum-bucket.s3.ap-northeast-2.amazonaws.com/Animal/Gazelle/Gazelle_2.gif'),(100,25,'SIT','https://zoosum-bucket.s3.ap-northeast-2.amazonaws.com/Animal/Gazelle/Gazelle_3.gif'),(101,26,'IDLE','https://zoosum-bucket.s3.ap-northeast-2.amazonaws.com/Animal/Zebra/Zebra_0.png'),(102,26,'BREATH','https://zoosum-bucket.s3.ap-northeast-2.amazonaws.com/Animal/Zebra/Zebra_1.gif'),(103,26,'SPIN','https://zoosum-bucket.s3.ap-northeast-2.amazonaws.com/Animal/Zebra/Zebra_2.gif'),(104,26,'SIT','https://zoosum-bucket.s3.ap-northeast-2.amazonaws.com/Animal/Zebra/Zebra_3.gif'),(105,27,'IDLE','https://zoosum-bucket.s3.ap-northeast-2.amazonaws.com/Animal/Bighorn/Bighorn_0.png'),(106,27,'BREATH','https://zoosum-bucket.s3.ap-northeast-2.amazonaws.com/Animal/Bighorn/Bighorn_1.gif'),(107,27,'SPIN','https://zoosum-bucket.s3.ap-northeast-2.amazonaws.com/Animal/Bighorn/Bighorn_2.gif'),(108,27,'SIT','https://zoosum-bucket.s3.ap-northeast-2.amazonaws.com/Animal/Bighorn/Bighorn_3.gif'),(109,28,'IDLE','https://zoosum-bucket.s3.ap-northeast-2.amazonaws.com/Animal/Camel/Camel_0.png'),(110,28,'BREATH','https://zoosum-bucket.s3.ap-northeast-2.amazonaws.com/Animal/Camel/Camel_1.gif'),(111,28,'SPIN','https://zoosum-bucket.s3.ap-northeast-2.amazonaws.com/Animal/Camel/Camel_2.gif'),(112,28,'SIT','https://zoosum-bucket.s3.ap-northeast-2.amazonaws.com/Animal/Camel/Camel_3.gif'),(113,29,'IDLE','https://zoosum-bucket.s3.ap-northeast-2.amazonaws.com/Animal/Kangroo/Kangroo_0.png'),(114,29,'BREATH','https://zoosum-bucket.s3.ap-northeast-2.amazonaws.com/Animal/Kangroo/Kangroo_1.gif'),(115,29,'SPIN','https://zoosum-bucket.s3.ap-northeast-2.amazonaws.com/Animal/Kangroo/Kangroo_2.gif'),(116,29,'SIT','https://zoosum-bucket.s3.ap-northeast-2.amazonaws.com/Animal/Kangroo/Kangroo_3.gif'),(117,30,'IDLE','https://zoosum-bucket.s3.ap-northeast-2.amazonaws.com/Animal/Koala/Koala_0.png'),(118,30,'BREATH','https://zoosum-bucket.s3.ap-northeast-2.amazonaws.com/Animal/Koala/Koala_1.gif'),(119,30,'SPIN','https://zoosum-bucket.s3.ap-northeast-2.amazonaws.com/Animal/Koala/Koala_2.gif'),(120,30,'SIT','https://zoosum-bucket.s3.ap-northeast-2.amazonaws.com/Animal/Koala/Koala_3.gif'),(121,31,'IDLE','https://zoosum-bucket.s3.ap-northeast-2.amazonaws.com/Animal/Platypus/Platypus_0.png'),(122,31,'BREATH','https://zoosum-bucket.s3.ap-northeast-2.amazonaws.com/Animal/Platypus/Platypus_1.gif'),(123,31,'SPIN','https://zoosum-bucket.s3.ap-northeast-2.amazonaws.com/Animal/Platypus/Platypus_2.gif'),(124,31,'SIT','https://zoosum-bucket.s3.ap-northeast-2.amazonaws.com/Animal/Platypus/Platypus_3.gif'),(125,32,'IDLE','https://zoosum-bucket.s3.ap-northeast-2.amazonaws.com/Animal/Panda/Panda_0.png'),(126,32,'BREATH','https://zoosum-bucket.s3.ap-northeast-2.amazonaws.com/Animal/Panda/Panda_1.gif'),(127,32,'SPIN','https://zoosum-bucket.s3.ap-northeast-2.amazonaws.com/Animal/Panda/Panda_2.gif'),(128,32,'SIT','https://zoosum-bucket.s3.ap-northeast-2.amazonaws.com/Animal/Panda/Panda_3.gif'),(129,33,'IDLE','https://zoosum-bucket.s3.ap-northeast-2.amazonaws.com/Animal/Peacock/Peacock_0.png'),(130,33,'BREATH','https://zoosum-bucket.s3.ap-northeast-2.amazonaws.com/Animal/Peacock/Peacock_1.gif'),(131,33,'SPIN','https://zoosum-bucket.s3.ap-northeast-2.amazonaws.com/Animal/Peacock/Peacock_2.gif'),(132,33,'SIT','https://zoosum-bucket.s3.ap-northeast-2.amazonaws.com/Animal/Peacock/Peacock_3.gif'),(133,34,'IDLE','https://zoosum-bucket.s3.ap-northeast-2.amazonaws.com/Animal/Crocodile/Crocodile_0.png'),(134,34,'BREATH','https://zoosum-bucket.s3.ap-northeast-2.amazonaws.com/Animal/Crocodile/Crocodile_1.gif'),(135,34,'SPIN','https://zoosum-bucket.s3.ap-northeast-2.amazonaws.com/Animal/Crocodile/Crocodile_2.gif'),(136,34,'SIT','https://zoosum-bucket.s3.ap-northeast-2.amazonaws.com/Animal/Crocodile/Crocodile_3.gif'),(137,35,'IDLE','https://zoosum-bucket.s3.ap-northeast-2.amazonaws.com/Animal/Swan/Swan_0.png'),(138,35,'BREATH','https://zoosum-bucket.s3.ap-northeast-2.amazonaws.com/Animal/Swan/Swan_1.gif'),(139,35,'SPIN','https://zoosum-bucket.s3.ap-northeast-2.amazonaws.com/Animal/Swan/Swan_2.gif'),(140,35,'SIT','https://zoosum-bucket.s3.ap-northeast-2.amazonaws.com/Animal/Swan/Swan_3.gif'),(141,36,'IDLE','https://zoosum-bucket.s3.ap-northeast-2.amazonaws.com/Animal/Rhino/Rhino_0.png'),(142,36,'BREATH','https://zoosum-bucket.s3.ap-northeast-2.amazonaws.com/Animal/Rhino/Rhino_1.gif'),(143,36,'SPIN','https://zoosum-bucket.s3.ap-northeast-2.amazonaws.com/Animal/Rhino/Rhino_2.gif'),(144,36,'SIT','https://zoosum-bucket.s3.ap-northeast-2.amazonaws.com/Animal/Rhino/Rhino_3.gif');
/*!40000 ALTER TABLE `animal_motion` ENABLE KEYS */;
UNLOCK TABLES;

--
-- Table structure for table `badge`
--

DROP TABLE IF EXISTS `badge`;
/*!40101 SET @saved_cs_client     = @@character_set_client */;
/*!40101 SET character_set_client = utf8 */;
CREATE TABLE `badge` (
  `badge_id` varchar(30) NOT NULL,
  `badge_name` varchar(30) NOT NULL,
  `badge_condition` varchar(100) NOT NULL,
  `badge_value` int(11) NOT NULL DEFAULT 0,
  `file_url` varchar(255) NOT NULL,
  PRIMARY KEY (`badge_id`)
) ENGINE=InnoDB DEFAULT CHARSET=utf8mb4 COLLATE=utf8mb4_general_ci;
/*!40101 SET character_set_client = @saved_cs_client */;

--
-- Dumping data for table `badge`
--

LOCK TABLES `badge` WRITE;
/*!40000 ALTER TABLE `badge` DISABLE KEYS */;
INSERT INTO `badge` VALUES ('ANML10','정령이 와글와글','동물 캐릭터 10회 획득',10,'https://zoosum-bucket.s3.ap-northeast-2.amazonaws.com/Reward/Reward_13.png'),('ANML20','정령이 복작복작','동물 캐릭터 20회 획득',20,'https://zoosum-bucket.s3.ap-northeast-2.amazonaws.com/Reward/Reward_14.png'),('ANML30','정령이 우르르르','동물 캐릭터 30회 획득',30,'https://zoosum-bucket.s3.ap-northeast-2.amazonaws.com/Reward/Reward_15.png'),('LAND3','우리 집에 올래?','섬 테마 아이템 3회 획득',3,'https://zoosum-bucket.s3.ap-northeast-2.amazonaws.com/Reward/Reward_16.png'),('LAND6','우리 별장에 올래?','섬 테마 아이템 6회 획득',6,'https://zoosum-bucket.s3.ap-northeast-2.amazonaws.com/Reward/Reward_17.png'),('LAND9','우리 섬에 올래?','섬 테마 아이템 9회 획득',9,'https://zoosum-bucket.s3.ap-northeast-2.amazonaws.com/Reward/Reward_18.png'),('LCRN1','나는야 수호자','지역 랭킹 1등 달성',1,'https://zoosum-bucket.s3.ap-northeast-2.amazonaws.com/Reward/Reward_21.png'),('LCRN3','나는야 지킴이','지역 랭킹 3등 달성',3,'https://zoosum-bucket.s3.ap-northeast-2.amazonaws.com/Reward/Reward_20.png'),('LCRN5','나는야 꿈나무','지역 랭킹 5등 달성',5,'https://zoosum-bucket.s3.ap-northeast-2.amazonaws.com/Reward/Reward_19.png'),('LGTH10','달려라 달려','플로깅 활동 거리 10km',10,'https://zoosum-bucket.s3.ap-northeast-2.amazonaws.com/Reward/Reward_10.png'),('LGTH20','뛰어라 뛰어','플로깅 활동 거리 20km',20,'https://zoosum-bucket.s3.ap-northeast-2.amazonaws.com/Reward/Reward_11.png'),('LGTH30','날아라 날라','플로깅 활동 거리 30km',30,'https://zoosum-bucket.s3.ap-northeast-2.amazonaws.com/Reward/Reward_12.png'),('PTCT1','첫 걸음의 설렘','플로깅 참여 횟수 1회',1,'https://zoosum-bucket.s3.ap-northeast-2.amazonaws.com/Reward/Reward_01.png'),('PTCT10','또 오셨군요!','플로깅 참여 횟수 10회',10,'https://zoosum-bucket.s3.ap-northeast-2.amazonaws.com/Reward/Reward_02.png'),('PTCT20','언제나 함께해요','플로깅 참여 횟수 20회',20,'https://zoosum-bucket.s3.ap-northeast-2.amazonaws.com/Reward/Reward_03.png'),('TIME100','시계는 와치','플로깅 활동 시간 100분',100,'https://zoosum-bucket.s3.ap-northeast-2.amazonaws.com/Reward/Reward_07.png'),('TIME200','시간은 째깍째깍','플로깅 활동 시간 200분',200,'https://zoosum-bucket.s3.ap-northeast-2.amazonaws.com/Reward/Reward_08.png'),('TIME300','1일 1주섬','플로깅 활동 시간 300분',300,'https://zoosum-bucket.s3.ap-northeast-2.amazonaws.com/Reward/Reward_09.png'),('TPRN1','내가 1등이라니!','전체 랭킹 1등 달성',1,'https://zoosum-bucket.s3.ap-northeast-2.amazonaws.com/Reward/Reward_24.png'),('TPRN20','내가 20등이라니!','전체 랭킹 20등 달성',20,'https://zoosum-bucket.s3.ap-northeast-2.amazonaws.com/Reward/Reward_23.png'),('TPRN50','내가 50등이라니!','전체 랭킹 50등 달성',50,'https://zoosum-bucket.s3.ap-northeast-2.amazonaws.com/Reward/Reward_22.png'),('TRSH100','거리를 살리자','쓰레기 주운 횟수 100회',100,'https://zoosum-bucket.s3.ap-northeast-2.amazonaws.com/Reward/Reward_04.png'),('TRSH200','도시를 살리자','쓰레기 주운 횟수 200회',200,'https://zoosum-bucket.s3.ap-northeast-2.amazonaws.com/Reward/Reward_05.png'),('TRSH300','지구를 살리자','쓰레기 주운 횟수 300회',300,'https://zoosum-bucket.s3.ap-northeast-2.amazonaws.com/Reward/Reward_06.png');
/*!40000 ALTER TABLE `badge` ENABLE KEYS */;
UNLOCK TABLES;

--
-- Table structure for table `item`
--

DROP TABLE IF EXISTS `item`;
/*!40101 SET @saved_cs_client     = @@character_set_client */;
/*!40101 SET character_set_client = utf8 */;
CREATE TABLE `item` (
  `item_id` bigint(20) NOT NULL AUTO_INCREMENT,
  `item_type` varchar(20) NOT NULL,
  `item_name` varchar(20) NOT NULL,
  `file_url` varchar(255) NOT NULL,
  PRIMARY KEY (`item_id`)
) ENGINE=InnoDB AUTO_INCREMENT=36 DEFAULT CHARSET=utf8mb4 COLLATE=utf8mb4_general_ci;
/*!40101 SET character_set_client = @saved_cs_client */;

--
-- Dumping data for table `item`
--

LOCK TABLES `item` WRITE;
/*!40000 ALTER TABLE `item` DISABLE KEYS */;
INSERT INTO `item` VALUES (1,'TREE','그냥나무','https://zoosum-bucket.s3.ap-northeast-2.amazonaws.com/Trees/Tree_01.png'),(2,'TREE','사탕나무','https://zoosum-bucket.s3.ap-northeast-2.amazonaws.com/Trees/Tree_02.png'),(3,'TREE','삼지창나무','https://zoosum-bucket.s3.ap-northeast-2.amazonaws.com/Trees/Tree_03.png'),(4,'TREE','아낌없이주는나무','https://zoosum-bucket.s3.ap-northeast-2.amazonaws.com/Trees/Tree_04.png'),(5,'TREE','삼형제나무','https://zoosum-bucket.s3.ap-northeast-2.amazonaws.com/Trees/Tree_05.png'),(6,'TREE','토끼선인장나무','https://zoosum-bucket.s3.ap-northeast-2.amazonaws.com/Trees/Tree_06.png'),(7,'TREE','방울나무','https://zoosum-bucket.s3.ap-northeast-2.amazonaws.com/Trees/Tree_07.png'),(8,'TREE','진짜선인장나무','https://zoosum-bucket.s3.ap-northeast-2.amazonaws.com/Trees/Tree_08.png'),(9,'TREE','나의라임오렌지나무','https://zoosum-bucket.s3.ap-northeast-2.amazonaws.com/Trees/Tree_09.png'),(10,'TREE','탕후루나무','https://zoosum-bucket.s3.ap-northeast-2.amazonaws.com/Trees/Tree_10.png'),(11,'TREE','진짜나무','https://zoosum-bucket.s3.ap-northeast-2.amazonaws.com/Trees/Tree_11.png'),(12,'TREE','솜사탕나무','https://zoosum-bucket.s3.ap-northeast-2.amazonaws.com/Trees/Tree_12.png'),(13,'TREE','홍시나무','https://zoosum-bucket.s3.ap-northeast-2.amazonaws.com/Trees/Tree_13.png'),(14,'TREE','아카시아나무','https://zoosum-bucket.s3.ap-northeast-2.amazonaws.com/Trees/Tree_14.png'),(15,'TREE','벚꽃나무','https://zoosum-bucket.s3.ap-northeast-2.amazonaws.com/Trees/Tree_15.png'),(16,'TREE','야자나무','https://zoosum-bucket.s3.ap-northeast-2.amazonaws.com/Trees/Tree_16.png'),(17,'TREE','바나나나무','https://zoosum-bucket.s3.ap-northeast-2.amazonaws.com/Trees/Tree_17.png'),(18,'TREE','엄마나무','https://zoosum-bucket.s3.ap-northeast-2.amazonaws.com/Trees/Tree_18.png'),(19,'TREE','아빠나무','https://zoosum-bucket.s3.ap-northeast-2.amazonaws.com/Trees/Tree_19.png'),(20,'TREE','아이나무','https://zoosum-bucket.s3.ap-northeast-2.amazonaws.com/Trees/Tree_20.png'),(21,'ISLAND','주섬주섬','https://zoosum-bucket.s3.ap-northeast-2.amazonaws.com/Island/island_0.png'),(22,'ISLAND','등대섬','https://zoosum-bucket.s3.ap-northeast-2.amazonaws.com/Island/island_1.png'),(23,'ISLAND','사막섬','https://zoosum-bucket.s3.ap-northeast-2.amazonaws.com/Island/island_2.png'),(24,'ISLAND','빙하섬','https://zoosum-bucket.s3.ap-northeast-2.amazonaws.com/Island/island_3.png'),(25,'ISLAND','분홍섬','https://zoosum-bucket.s3.ap-northeast-2.amazonaws.com/Island/island_4.png'),(26,'ISLAND','바위섬','https://zoosum-bucket.s3.ap-northeast-2.amazonaws.com/Island/island_5.png'),(27,'ISLAND','해변섬','https://zoosum-bucket.s3.ap-northeast-2.amazonaws.com/Island/island_6.png'),(28,'ISLAND','오두막섬','https://zoosum-bucket.s3.ap-northeast-2.amazonaws.com/Island/island_7.png'),(29,'ISLAND','별장섬','https://zoosum-bucket.s3.ap-northeast-2.amazonaws.com/Island/island_8.png');
/*!40000 ALTER TABLE `item` ENABLE KEYS */;
UNLOCK TABLES;

--
-- Table structure for table `user`
--

DROP TABLE IF EXISTS `user`;
/*!40101 SET @saved_cs_client     = @@character_set_client */;
/*!40101 SET character_set_client = utf8 */;
CREATE TABLE `user` (
  `user_id` varchar(255) NOT NULL,
  `email` varchar(100) NOT NULL,
  `region` varchar(10) DEFAULT NULL,
  `nickname` varchar(30) DEFAULT NULL,
  `social_type` varchar(10) NOT NULL,
  `camera_yn` char(1) NOT NULL DEFAULT 'N',
  `gps_yn` char(1) NOT NULL DEFAULT 'N',
  `tutorial_yn` char(1) NOT NULL DEFAULT 'N',
  `create_time` datetime NOT NULL DEFAULT current_timestamp(),
  `update_time` datetime NOT NULL DEFAULT current_timestamp(),
  `delete_time` datetime DEFAULT NULL,
  PRIMARY KEY (`user_id`)
) ENGINE=InnoDB DEFAULT CHARSET=utf8mb4 COLLATE=utf8mb4_general_ci;
/*!40101 SET character_set_client = @saved_cs_client */;

--
-- Dumping data for table `user`
--

LOCK TABLES `user` WRITE;
/*!40000 ALTER TABLE `user` DISABLE KEYS */;
INSERT INTO `user` VALUES ('3139675088','roh403@naver.com','SEOUL','하자히리','KAKAO','N','N','N','2023-11-15 10:32:41','2023-11-15 10:32:41',NULL),('3140336712','acd0825@gmail.com','DAEGU','재걸왕','KAKAO','N','N','N','2023-11-15 10:56:42','2023-11-15 10:56:42',NULL),('3141238159','v3030v@nate.com','SEJONG','플로깅왕알킴','KAKAO','N','N','N','2023-11-15 10:59:18','2023-11-15 10:59:18',NULL),('3143320307','thdqudgns96@naver.com','GYEONGGI','John ','KAKAO','N','N','N','2023-11-16 17:09:46','2023-11-16 17:09:46',NULL),('3152065625','anytime0916@naver.com','SEOUL','서울웅성','KAKAO','N','N','N','2023-11-15 10:47:56','2023-11-15 10:47:56',NULL),('3155976377','jyu990212@naver.com','DAEJEON','인간지능','KAKAO','N','N','N','2023-11-14 16:26:44','2023-11-14 16:26:44',NULL),('3163377623','sonman0409@gmail.com','DAEJEON','손정민','KAKAO','N','N','N','2023-11-15 09:28:28','2023-11-15 09:28:28',NULL),('3163514481','shkim7876@naver.com','GWANGJU','WhitW','KAKAO','N','N','N','2023-11-15 11:04:47','2023-11-15 11:04:47',NULL),('3163518434','how8160@naver.com','DAEJEON','차영범','KAKAO','N','N','N','2023-11-15 11:07:04','2023-11-15 11:07:04',NULL),('3163518683','comdlwnsgur@nate.com','DAEJEON','응애','KAKAO','N','N','N','2023-11-15 11:07:13','2023-11-15 11:07:13',NULL),('3163521520','dksek3050@naver.com','JEONLA','안나','KAKAO','N','N','N','2023-11-15 11:08:52','2023-11-15 11:08:52',NULL),('3163540759','ztarhyuk127@naver.com','DAEJEON','Aiden','KAKAO','N','N','N','2023-11-15 11:20:36','2023-11-15 11:20:36',NULL),('3163548205','limcs1998@naver.com','GWANGJU','광주1반','KAKAO','N','N','N','2023-11-15 11:25:18','2023-11-15 11:25:18',NULL),('3163549071','hslee0912@naver.com','SEOUL','ririru','KAKAO','N','N','N','2023-11-15 11:25:55','2023-11-15 11:25:55',NULL),('3163675877','trappist96@naver.com','DAEJEON','레레레옹','KAKAO','N','N','N','2023-11-15 12:49:46','2023-11-15 12:49:46',NULL),('3163742780','oliqoeiilo@naver.com','DAEJEON','희진코치','KAKAO','N','N','N','2023-11-15 13:33:51','2023-11-15 13:33:51',NULL),('3163789504','pgy1613@naver.com','DAEJEON','니니','KAKAO','N','N','N','2023-11-15 14:04:01','2023-11-15 14:04:01',NULL),('3163826341','ghjadmb21@gmail.com','DAEJEON','양꼬치','KAKAO','N','N','N','2023-11-15 14:27:54','2023-11-15 14:27:54',NULL),('3165441191','jyi8714@naver.com','DAEJEON','홍인','KAKAO','N','N','N','2023-11-16 15:05:05','2023-11-16 15:05:05',NULL);
/*!40000 ALTER TABLE `user` ENABLE KEYS */;
UNLOCK TABLES;
/*!50003 SET @saved_cs_client      = @@character_set_client */ ;
/*!50003 SET @saved_cs_results     = @@character_set_results */ ;
/*!50003 SET @saved_col_connection = @@collation_connection */ ;
/*!50003 SET character_set_client  = utf8mb4 */ ;
/*!50003 SET character_set_results = utf8mb4 */ ;
/*!50003 SET collation_connection  = utf8mb4_general_ci */ ;
/*!50003 SET @saved_sql_mode       = @@sql_mode */ ;
/*!50003 SET sql_mode              = 'STRICT_TRANS_TABLES,ERROR_FOR_DIVISION_BY_ZERO,NO_AUTO_CREATE_USER,NO_ENGINE_SUBSTITUTION' */ ;
DELIMITER ;;
/*!50003 CREATE*/ /*!50017 DEFINER=`adminasrai`@`%`*/ /*!50003 TRIGGER `zoosum`.`user_AFTER_INSERT` AFTER INSERT ON `user` FOR EACH ROW
BEGIN
INSERT INTO `zoosum`.`user_badge` (user_id, badge_id)
SELECT u.user_id, b.badge_id
FROM `zoosum`.`user` as u, `zoosum`.`badge` as b
WHERE u.user_id = NEW.user_id;
INSERT INTO `zoosum`.`user_plog_info` (user_id)
SELECT u.user_id
FROM `zoosum`.`user` as u
WHERE u.user_id = NEW.user_id;
END */;;
DELIMITER ;
/*!50003 SET sql_mode              = @saved_sql_mode */ ;
/*!50003 SET character_set_client  = @saved_cs_client */ ;
/*!50003 SET character_set_results = @saved_cs_results */ ;
/*!50003 SET collation_connection  = @saved_col_connection */ ;

--
-- Table structure for table `user_animal`
--

DROP TABLE IF EXISTS `user_animal`;
/*!40101 SET @saved_cs_client     = @@character_set_client */;
/*!40101 SET character_set_client = utf8 */;
CREATE TABLE `user_animal` (
  `user_id` varchar(255) NOT NULL,
  `animal_id` bigint(20) NOT NULL,
  `selected` tinyint(4) NOT NULL DEFAULT 0,
  `user_animal_name` varchar(20) NOT NULL,
  `time_together` int(11) NOT NULL DEFAULT 0,
  `trash_together` int(11) NOT NULL DEFAULT 0,
  `length_together` int(11) NOT NULL DEFAULT 0,
  `create_time` datetime NOT NULL DEFAULT current_timestamp(),
  `update_time` datetime NOT NULL DEFAULT current_timestamp(),
  `delete_time` datetime DEFAULT NULL,
  PRIMARY KEY (`user_id`,`animal_id`),
  KEY `FK_ANIMAL_TO_USER_ANIMAL_1` (`animal_id`),
  CONSTRAINT `FK_ANIMAL_TO_USER_ANIMAL_1` FOREIGN KEY (`animal_id`) REFERENCES `animal` (`animal_id`),
  CONSTRAINT `FK_USER_TO_USER_ANIMAL_1` FOREIGN KEY (`user_id`) REFERENCES `user` (`user_id`)
) ENGINE=InnoDB DEFAULT CHARSET=utf8mb4 COLLATE=utf8mb4_general_ci;
/*!40101 SET character_set_client = @saved_cs_client */;

--
-- Dumping data for table `user_animal`
--

LOCK TABLES `user_animal` WRITE;
/*!40000 ALTER TABLE `user_animal` DISABLE KEYS */;
INSERT INTO `user_animal` VALUES ('3139675088',5,0,'은빛이',0,0,0,'2023-11-15 10:52:34','2023-11-15 10:52:34',NULL),('3139675088',6,0,'코코',0,0,0,'2023-11-15 10:55:57','2023-11-15 10:55:57',NULL),('3139675088',7,0,'뚜이',0,0,0,'2023-11-16 21:24:28','2023-11-16 21:24:28',NULL),('3139675088',9,1,'밀키',0,0,0,'2023-11-16 21:25:03','2023-11-16 21:25:03',NULL),('3139675088',14,0,'이글이',3,0,0,'2023-11-15 10:50:21','2023-11-15 11:18:08',NULL),('3139675088',17,1,'아웅',209,0,0,'2023-11-15 10:50:37','2023-11-16 21:25:45',NULL),('3139675088',18,0,'냥이',0,0,0,'2023-11-16 21:25:57','2023-11-16 21:25:57',NULL),('3139675088',20,0,'콩이',0,0,0,'2023-11-16 21:24:06','2023-11-16 21:24:06',NULL),('3139675088',22,0,'똘이',2740,132,0,'2023-11-15 10:33:13','2023-11-15 10:51:27',NULL),('3139675088',24,0,'피치',10,0,0,'2023-11-15 10:51:06','2023-11-16 20:55:54',NULL),('3139675088',25,0,'루루',79,4,0,'2023-11-15 10:49:08','2023-11-15 14:00:43',NULL),('3139675088',27,1,'혼혼이',0,0,0,'2023-11-15 10:58:10','2023-11-16 20:03:43',NULL),('3139675088',28,1,'봉울이',0,0,0,'2023-11-15 10:54:18','2023-11-16 20:03:55',NULL),('3139675088',29,0,'갸루',129,11,0,'2023-11-15 10:55:05','2023-11-15 11:17:26',NULL),('3139675088',30,0,'코비',0,0,0,'2023-11-15 10:51:47','2023-11-15 10:51:47',NULL),('3139675088',33,0,'콕콕이',0,0,0,'2023-11-15 10:40:36','2023-11-15 10:40:36',NULL),('3139675088',34,0,'라코코',0,0,0,'2023-11-15 10:54:40','2023-11-15 10:54:40',NULL),('3139675088',36,1,'라이농',0,0,0,'2023-11-15 10:52:01','2023-11-16 20:03:48',NULL),('3140336712',12,1,'재걸이꺼',939,55,0,'2023-11-15 10:56:59','2023-11-16 13:33:54',NULL),('3140336712',15,0,'뽀리',0,0,0,'2023-11-15 10:58:12','2023-11-15 10:58:12',NULL),('3140336712',18,0,'냥이',140,4,0,'2023-11-15 10:58:07','2023-11-16 16:08:37',NULL),('3140336712',19,1,'멍멍',206,3,130,'2023-11-15 10:58:01','2023-11-15 23:12:00',NULL),('3140336712',24,0,'피치',0,0,0,'2023-11-15 16:16:03','2023-11-15 16:16:03',NULL),('3140336712',25,0,'루루',0,0,0,'2023-11-15 23:06:57','2023-11-15 23:06:57',NULL),('3140336712',27,0,'혼혼이',0,0,0,'2023-11-15 13:58:58','2023-11-15 13:58:58',NULL),('3140336712',36,1,'라이농',0,0,0,'2023-11-16 16:08:54','2023-11-16 16:08:54',NULL),('3141238159',4,1,'당당이',35,0,0,'2023-11-15 22:57:56','2023-11-16 13:03:31',NULL),('3141238159',8,1,'삐약이',0,0,0,'2023-11-15 22:57:31','2023-11-15 22:57:31',NULL),('3141238159',10,0,'동키',0,0,0,'2023-11-15 22:54:42','2023-11-15 22:54:42',NULL),('3141238159',12,0,'토실이',0,0,0,'2023-11-15 22:57:49','2023-11-15 22:57:49',NULL),('3141238159',13,1,'잠잠이',0,0,0,'2023-11-15 22:56:48','2023-11-15 22:56:48',NULL),('3141238159',19,1,'멍이',1440,104,0,'2023-11-15 15:24:11','2023-11-15 22:52:16',NULL),('3141238159',25,0,'루루',0,0,0,'2023-11-15 22:57:41','2023-11-15 22:57:41',NULL),('3141238159',27,0,'혼혼이',0,0,0,'2023-11-15 22:58:03','2023-11-15 22:58:03',NULL),('3141238159',30,0,'코비',0,0,0,'2023-11-15 22:55:40','2023-11-15 22:55:40',NULL),('3141238159',32,0,'푸바오',0,0,0,'2023-11-15 22:52:30','2023-11-15 22:52:30',NULL),('3141238159',34,1,'오귀여워',1786,6,960,'2023-11-15 10:59:45','2023-11-15 13:50:03',NULL),('3143320307',23,1,'뿌우',0,0,0,'2023-11-16 17:12:03','2023-11-16 17:12:03',NULL),('3152065625',3,0,'가가',677,5,0,'2023-11-16 09:16:22','2023-11-16 17:01:25',NULL),('3152065625',5,0,'장남티',0,0,0,'2023-11-16 22:59:51','2023-11-16 22:59:51',NULL),('3152065625',8,0,'나나',1075,14,1270,'2023-11-16 09:16:22','2023-11-16 22:14:07',NULL),('3152065625',9,0,'다다',739,6,0,'2023-11-16 09:16:22','2023-11-16 22:48:48',NULL),('3152065625',11,0,'라라',0,0,0,'2023-11-16 09:16:23','2023-11-16 09:16:23',NULL),('3152065625',12,0,'토실이',0,0,0,'2023-11-16 17:55:00','2023-11-16 17:55:00',NULL),('3152065625',13,0,'마마',0,0,0,'2023-11-16 09:16:23','2023-11-16 09:16:23',NULL),('3152065625',16,0,'쿤쿤이',1,0,0,'2023-11-16 12:50:21','2023-11-16 17:52:07',NULL),('3152065625',19,0,'바바',0,0,0,'2023-11-16 09:16:23','2023-11-16 09:16:23',NULL),('3152065625',20,0,'사사',0,0,0,'2023-11-16 09:16:23','2023-11-16 09:16:23',NULL),('3152065625',21,0,'타타',0,0,0,'2023-11-16 09:16:23','2023-11-16 09:16:23',NULL),('3152065625',22,0,'똘이',0,0,0,'2023-11-16 09:16:45','2023-11-16 09:16:45',NULL),('3152065625',23,1,'파파',181,6,0,'2023-11-16 09:16:23','2023-11-17 01:17:01',NULL),('3152065625',26,1,'차차',0,0,0,'2023-11-16 09:16:23','2023-11-16 09:16:23',NULL),('3152065625',29,1,'카카',0,0,0,'2023-11-16 09:16:23','2023-11-16 09:16:23',NULL),('3152065625',31,0,'리링',0,0,0,'2023-11-16 16:50:10','2023-11-16 16:50:10',NULL),('3152065625',32,1,'푸바오',0,0,0,'2023-11-16 17:36:46','2023-11-16 17:36:46',NULL),('3152065625',34,0,'아아',0,0,0,'2023-11-16 09:16:23','2023-11-16 09:16:23',NULL),('3152065625',36,1,'자자',149,5,0,'2023-11-16 09:16:23','2023-11-16 22:58:30',NULL),('3155976377',1,0,'송송이',0,0,0,'2023-11-16 20:04:48','2023-11-16 20:04:48',NULL),('3155976377',6,0,'코코',0,0,0,'2023-11-16 10:39:00','2023-11-16 10:39:00',NULL),('3155976377',7,0,'음머어',243,23,0,'2023-11-16 11:13:13','2023-11-16 19:53:32',NULL),('3155976377',9,0,'밀키',0,0,0,'2023-11-15 23:05:43','2023-11-15 23:05:43',NULL),('3155976377',10,0,'둘째',0,0,0,'2023-11-14 16:41:36','2023-11-14 16:41:36',NULL),('3155976377',11,0,'꽉꽉이',1346,70,300,'2023-11-14 16:27:56','2023-11-16 11:12:46',NULL),('3155976377',19,0,'멍이',0,0,0,'2023-11-16 10:25:42','2023-11-16 10:25:42',NULL),('3155976377',23,0,'뿌우',0,0,0,'2023-11-16 10:07:22','2023-11-16 10:07:22',NULL),('3155976377',25,1,'루루',129,11,0,'2023-11-16 13:48:27','2023-11-16 22:03:20',NULL),('3155976377',26,0,'뽀니',0,0,0,'2023-11-15 23:15:04','2023-11-15 23:15:04',NULL),('3155976377',27,0,'혼혼이',0,0,0,'2023-11-16 10:18:02','2023-11-16 10:18:02',NULL),('3155976377',30,0,'코비',0,0,0,'2023-11-16 19:54:13','2023-11-16 19:54:13',NULL),('3155976377',34,1,'라코코',83,5,0,'2023-11-16 09:20:05','2023-11-16 19:59:15',NULL),('3163377623',2,1,'불불이',0,0,0,'2023-11-15 09:31:01','2023-11-15 09:31:01',NULL),('3163377623',16,0,'쿤',82,10,0,'2023-11-15 09:29:08','2023-11-15 09:30:46',NULL),('3163514481',19,1,'멍이',147,0,630,'2023-11-15 11:05:14','2023-11-15 11:09:00',NULL),('3163518434',35,1,'쪼쪼',0,0,0,'2023-11-15 11:07:33','2023-11-15 11:07:33',NULL),('3163518683',28,1,'봉울이',174,0,40,'2023-11-15 11:08:03','2023-11-15 11:09:58',NULL),('3163521520',16,1,'쿤쿤이',232,4,690,'2023-11-15 11:09:32','2023-11-16 21:04:54',NULL),('3163540759',30,1,'실험쥐',108,4,0,'2023-11-15 11:21:32','2023-11-15 11:26:44',NULL),('3163548205',17,1,'애옹',0,0,0,'2023-11-15 11:26:04','2023-11-15 11:26:04',NULL),('3163549071',34,1,'라코코',326,2,80,'2023-11-15 11:26:26','2023-11-15 15:17:34',NULL),('3163675877',16,1,'좌우이',154,4,240,'2023-11-15 12:51:40','2023-11-15 12:57:54',NULL),('3163742780',1,1,'송송이',133,2,0,'2023-11-15 15:18:06','2023-11-15 15:24:29',NULL),('3163742780',11,1,'꽥꽥이',0,0,0,'2023-11-15 14:36:35','2023-11-15 14:36:35',NULL),('3163742780',15,1,'뽀리',102,2,20,'2023-11-15 13:49:18','2023-11-15 15:28:10',NULL),('3163742780',22,1,'똘이',1375,31,40,'2023-11-15 13:34:17','2023-11-15 15:19:24',NULL),('3163789504',22,1,'노수광',126,1,0,'2023-11-15 14:04:55','2023-11-15 14:08:18',NULL),('3163826341',13,1,'잠잠이',0,0,0,'2023-11-15 14:51:15','2023-11-15 14:51:15',NULL),('3163826341',16,1,'쿤쿠니',449,11,390,'2023-11-15 14:28:19','2023-11-15 14:51:01',NULL),('3165441191',12,1,'토실이',199,4,0,'2023-11-16 15:05:45','2023-11-16 15:10:28',NULL);
/*!40000 ALTER TABLE `user_animal` ENABLE KEYS */;
UNLOCK TABLES;

--
-- Table structure for table `user_badge`
--

DROP TABLE IF EXISTS `user_badge`;
/*!40101 SET @saved_cs_client     = @@character_set_client */;
/*!40101 SET character_set_client = utf8 */;
CREATE TABLE `user_badge` (
  `user_id` varchar(255) NOT NULL,
  `badge_id` varchar(30) NOT NULL,
  `badge_get` tinyint(1) NOT NULL DEFAULT 0,
  `create_time` datetime NOT NULL DEFAULT current_timestamp(),
  `update_time` datetime NOT NULL DEFAULT current_timestamp(),
  `delete_time` datetime DEFAULT NULL,
  PRIMARY KEY (`user_id`,`badge_id`),
  KEY `FK_BADGE_TO_USER_BADGE_1` (`badge_id`),
  CONSTRAINT `FK_BADGE_TO_USER_BADGE_1` FOREIGN KEY (`badge_id`) REFERENCES `badge` (`badge_id`),
  CONSTRAINT `FK_USER_TO_USER_BADGE_1` FOREIGN KEY (`user_id`) REFERENCES `user` (`user_id`)
) ENGINE=InnoDB DEFAULT CHARSET=utf8mb4 COLLATE=utf8mb4_general_ci;
/*!40101 SET character_set_client = @saved_cs_client */;

--
-- Dumping data for table `user_badge`
--

LOCK TABLES `user_badge` WRITE;
/*!40000 ALTER TABLE `user_badge` DISABLE KEYS */;
INSERT INTO `user_badge` VALUES ('3139675088','ANML10',1,'2023-11-15 10:32:41','2023-11-15 10:57:50',NULL),('3139675088','ANML20',0,'2023-11-15 10:32:41','2023-11-15 10:32:41',NULL),('3139675088','ANML30',0,'2023-11-15 10:32:41','2023-11-15 10:32:41',NULL),('3139675088','LAND3',1,'2023-11-15 10:32:41','2023-11-15 10:39:52',NULL),('3139675088','LAND6',0,'2023-11-15 10:32:41','2023-11-15 10:32:41',NULL),('3139675088','LAND9',0,'2023-11-15 10:32:41','2023-11-15 10:32:41',NULL),('3139675088','LCRN1',1,'2023-11-15 10:32:41','2023-11-15 10:39:54',NULL),('3139675088','LCRN3',0,'2023-11-15 10:32:41','2023-11-15 10:32:41',NULL),('3139675088','LCRN5',0,'2023-11-15 10:32:41','2023-11-15 10:32:41',NULL),('3139675088','LGTH10',0,'2023-11-15 10:32:41','2023-11-15 10:32:41',NULL),('3139675088','LGTH20',0,'2023-11-15 10:32:41','2023-11-15 10:32:41',NULL),('3139675088','LGTH30',0,'2023-11-15 10:32:41','2023-11-15 10:32:41',NULL),('3139675088','PTCT1',1,'2023-11-15 10:32:41','2023-11-15 10:39:52',NULL),('3139675088','PTCT10',1,'2023-11-15 10:32:41','2023-11-15 10:39:58',NULL),('3139675088','PTCT20',1,'2023-11-15 10:32:41','2023-11-16 17:25:10',NULL),('3139675088','TIME100',0,'2023-11-15 10:32:41','2023-11-15 10:32:41',NULL),('3139675088','TIME200',0,'2023-11-15 10:32:41','2023-11-15 10:32:41',NULL),('3139675088','TIME300',0,'2023-11-15 10:32:41','2023-11-15 10:32:41',NULL),('3139675088','TPRN1',1,'2023-11-15 10:32:41','2023-11-15 10:39:54',NULL),('3139675088','TPRN20',0,'2023-11-15 10:32:41','2023-11-15 10:32:41',NULL),('3139675088','TPRN50',0,'2023-11-15 10:32:41','2023-11-15 10:32:41',NULL),('3139675088','TRSH100',1,'2023-11-15 10:32:41','2023-11-15 10:39:58',NULL),('3139675088','TRSH200',0,'2023-11-15 10:32:41','2023-11-15 10:32:41',NULL),('3139675088','TRSH300',0,'2023-11-15 10:32:41','2023-11-15 10:32:41',NULL),('3140336712','ANML10',0,'2023-11-15 10:56:42','2023-11-15 10:56:42',NULL),('3140336712','ANML20',0,'2023-11-15 10:56:42','2023-11-15 10:56:42',NULL),('3140336712','ANML30',0,'2023-11-15 10:56:42','2023-11-15 10:56:42',NULL),('3140336712','LAND3',1,'2023-11-15 10:56:42','2023-11-15 10:57:50',NULL),('3140336712','LAND6',0,'2023-11-15 10:56:42','2023-11-15 10:56:42',NULL),('3140336712','LAND9',0,'2023-11-15 10:56:42','2023-11-15 10:56:42',NULL),('3140336712','LCRN1',1,'2023-11-15 10:56:42','2023-11-15 10:57:50',NULL),('3140336712','LCRN3',0,'2023-11-15 10:56:42','2023-11-15 10:56:42',NULL),('3140336712','LCRN5',0,'2023-11-15 10:56:42','2023-11-15 10:56:42',NULL),('3140336712','LGTH10',0,'2023-11-15 10:56:42','2023-11-15 10:56:42',NULL),('3140336712','LGTH20',0,'2023-11-15 10:56:42','2023-11-15 10:56:42',NULL),('3140336712','LGTH30',0,'2023-11-15 10:56:42','2023-11-15 10:56:42',NULL),('3140336712','PTCT1',1,'2023-11-15 10:56:42','2023-11-15 10:57:50',NULL),('3140336712','PTCT10',1,'2023-11-15 10:56:42','2023-11-15 13:25:31',NULL),('3140336712','PTCT20',1,'2023-11-15 10:56:42','2023-11-16 10:40:06',NULL),('3140336712','TIME100',0,'2023-11-15 10:56:42','2023-11-15 10:56:42',NULL),('3140336712','TIME200',0,'2023-11-15 10:56:42','2023-11-15 10:56:42',NULL),('3140336712','TIME300',0,'2023-11-15 10:56:42','2023-11-15 10:56:42',NULL),('3140336712','TPRN1',0,'2023-11-15 10:56:42','2023-11-15 10:56:42',NULL),('3140336712','TPRN20',0,'2023-11-15 10:56:42','2023-11-15 10:56:42',NULL),('3140336712','TPRN50',0,'2023-11-15 10:56:42','2023-11-15 10:56:42',NULL),('3140336712','TRSH100',0,'2023-11-15 10:56:42','2023-11-15 10:56:42',NULL),('3140336712','TRSH200',0,'2023-11-15 10:56:42','2023-11-15 10:56:42',NULL),('3140336712','TRSH300',0,'2023-11-15 10:56:42','2023-11-15 10:56:42',NULL),('3141238159','ANML10',1,'2023-11-15 10:59:18','2023-11-16 10:20:42',NULL),('3141238159','ANML20',0,'2023-11-15 10:59:18','2023-11-15 10:59:18',NULL),('3141238159','ANML30',0,'2023-11-15 10:59:18','2023-11-15 10:59:18',NULL),('3141238159','LAND3',1,'2023-11-15 10:59:18','2023-11-15 12:31:33',NULL),('3141238159','LAND6',0,'2023-11-15 10:59:18','2023-11-15 10:59:18',NULL),('3141238159','LAND9',0,'2023-11-15 10:59:18','2023-11-15 10:59:18',NULL),('3141238159','LCRN1',1,'2023-11-15 10:59:18','2023-11-15 12:31:33',NULL),('3141238159','LCRN3',0,'2023-11-15 10:59:18','2023-11-15 10:59:18',NULL),('3141238159','LCRN5',0,'2023-11-15 10:59:18','2023-11-15 10:59:18',NULL),('3141238159','LGTH10',0,'2023-11-15 10:59:18','2023-11-15 10:59:18',NULL),('3141238159','LGTH20',0,'2023-11-15 10:59:18','2023-11-15 10:59:18',NULL),('3141238159','LGTH30',0,'2023-11-15 10:59:18','2023-11-15 10:59:18',NULL),('3141238159','PTCT1',1,'2023-11-15 10:59:18','2023-11-15 12:31:33',NULL),('3141238159','PTCT10',1,'2023-11-15 10:59:18','2023-11-16 10:40:18',NULL),('3141238159','PTCT20',0,'2023-11-15 10:59:18','2023-11-15 10:59:18',NULL),('3141238159','TIME100',0,'2023-11-15 10:59:18','2023-11-15 10:59:18',NULL),('3141238159','TIME200',0,'2023-11-15 10:59:18','2023-11-15 10:59:18',NULL),('3141238159','TIME300',0,'2023-11-15 10:59:18','2023-11-15 10:59:18',NULL),('3141238159','TPRN1',0,'2023-11-15 10:59:18','2023-11-15 10:59:18',NULL),('3141238159','TPRN20',0,'2023-11-15 10:59:18','2023-11-15 10:59:18',NULL),('3141238159','TPRN50',0,'2023-11-15 10:59:18','2023-11-15 10:59:18',NULL),('3141238159','TRSH100',1,'2023-11-15 10:59:18','2023-11-15 22:52:16',NULL),('3141238159','TRSH200',0,'2023-11-15 10:59:18','2023-11-15 10:59:18',NULL),('3141238159','TRSH300',0,'2023-11-15 10:59:18','2023-11-15 10:59:18',NULL),('3143320307','ANML10',0,'2023-11-16 17:09:46','2023-11-16 17:09:46',NULL),('3143320307','ANML20',0,'2023-11-16 17:09:46','2023-11-16 17:09:46',NULL),('3143320307','ANML30',0,'2023-11-16 17:09:46','2023-11-16 17:09:46',NULL),('3143320307','LAND3',0,'2023-11-16 17:09:46','2023-11-16 17:09:46',NULL),('3143320307','LAND6',0,'2023-11-16 17:09:46','2023-11-16 17:09:46',NULL),('3143320307','LAND9',0,'2023-11-16 17:09:46','2023-11-16 17:09:46',NULL),('3143320307','LCRN1',0,'2023-11-16 17:09:46','2023-11-16 17:09:46',NULL),('3143320307','LCRN3',0,'2023-11-16 17:09:46','2023-11-16 17:09:46',NULL),('3143320307','LCRN5',0,'2023-11-16 17:09:46','2023-11-16 17:09:46',NULL),('3143320307','LGTH10',0,'2023-11-16 17:09:46','2023-11-16 17:09:46',NULL),('3143320307','LGTH20',0,'2023-11-16 17:09:46','2023-11-16 17:09:46',NULL),('3143320307','LGTH30',0,'2023-11-16 17:09:46','2023-11-16 17:09:46',NULL),('3143320307','PTCT1',0,'2023-11-16 17:09:46','2023-11-16 17:09:46',NULL),('3143320307','PTCT10',0,'2023-11-16 17:09:46','2023-11-16 17:09:46',NULL),('3143320307','PTCT20',0,'2023-11-16 17:09:46','2023-11-16 17:09:46',NULL),('3143320307','TIME100',0,'2023-11-16 17:09:46','2023-11-16 17:09:46',NULL),('3143320307','TIME200',0,'2023-11-16 17:09:46','2023-11-16 17:09:46',NULL),('3143320307','TIME300',0,'2023-11-16 17:09:46','2023-11-16 17:09:46',NULL),('3143320307','TPRN1',0,'2023-11-16 17:09:46','2023-11-16 17:09:46',NULL),('3143320307','TPRN20',0,'2023-11-16 17:09:46','2023-11-16 17:09:46',NULL),('3143320307','TPRN50',0,'2023-11-16 17:09:46','2023-11-16 17:09:46',NULL),('3143320307','TRSH100',0,'2023-11-16 17:09:46','2023-11-16 17:09:46',NULL),('3143320307','TRSH200',0,'2023-11-16 17:09:46','2023-11-16 17:09:46',NULL),('3143320307','TRSH300',0,'2023-11-16 17:09:46','2023-11-16 17:09:46',NULL),('3152065625','ANML10',1,'2023-11-15 10:47:56','2023-11-16 09:26:37',NULL),('3152065625','ANML20',0,'2023-11-15 10:47:56','2023-11-15 10:47:56',NULL),('3152065625','ANML30',0,'2023-11-15 10:47:56','2023-11-15 10:47:56',NULL),('3152065625','LAND3',1,'2023-11-15 10:47:56','2023-11-15 10:51:08',NULL),('3152065625','LAND6',1,'2023-11-15 10:47:56','2023-11-16 12:49:44',NULL),('3152065625','LAND9',0,'2023-11-15 10:47:56','2023-11-15 10:47:56',NULL),('3152065625','LCRN1',0,'2023-11-15 10:47:56','2023-11-15 10:47:56',NULL),('3152065625','LCRN3',0,'2023-11-15 10:47:56','2023-11-15 10:47:56',NULL),('3152065625','LCRN5',0,'2023-11-15 10:47:56','2023-11-15 10:47:56',NULL),('3152065625','LGTH10',0,'2023-11-15 10:47:56','2023-11-15 10:47:56',NULL),('3152065625','LGTH20',0,'2023-11-15 10:47:56','2023-11-15 10:47:56',NULL),('3152065625','LGTH30',0,'2023-11-15 10:47:56','2023-11-15 10:47:56',NULL),('3152065625','PTCT1',1,'2023-11-15 10:47:56','2023-11-15 10:51:08',NULL),('3152065625','PTCT10',1,'2023-11-15 10:47:56','2023-11-16 22:14:07',NULL),('3152065625','PTCT20',0,'2023-11-15 10:47:56','2023-11-15 10:47:56',NULL),('3152065625','TIME100',0,'2023-11-15 10:47:56','2023-11-15 10:47:56',NULL),('3152065625','TIME200',0,'2023-11-15 10:47:56','2023-11-15 10:47:56',NULL),('3152065625','TIME300',0,'2023-11-15 10:47:56','2023-11-15 10:47:56',NULL),('3152065625','TPRN1',0,'2023-11-15 10:47:56','2023-11-15 10:47:56',NULL),('3152065625','TPRN20',0,'2023-11-15 10:47:56','2023-11-15 10:47:56',NULL),('3152065625','TPRN50',0,'2023-11-15 10:47:56','2023-11-15 10:47:56',NULL),('3152065625','TRSH100',0,'2023-11-15 10:47:56','2023-11-15 10:47:56',NULL),('3152065625','TRSH200',0,'2023-11-15 10:47:56','2023-11-15 10:47:56',NULL),('3152065625','TRSH300',0,'2023-11-15 10:47:56','2023-11-15 10:47:56',NULL),('3155976377','ANML10',1,'2023-11-14 16:26:44','2023-11-16 13:47:52',NULL),('3155976377','ANML20',0,'2023-11-14 16:26:44','2023-11-14 16:26:44',NULL),('3155976377','ANML30',0,'2023-11-14 16:26:44','2023-11-14 16:26:44',NULL),('3155976377','LAND3',1,'2023-11-14 16:26:44','2023-11-16 13:47:52',NULL),('3155976377','LAND6',0,'2023-11-14 16:26:44','2023-11-14 16:26:44',NULL),('3155976377','LAND9',0,'2023-11-14 16:26:44','2023-11-14 16:26:44',NULL),('3155976377','LCRN1',1,'2023-11-14 16:26:44','2023-11-14 16:36:10',NULL),('3155976377','LCRN3',0,'2023-11-14 16:26:44','2023-11-14 16:26:44',NULL),('3155976377','LCRN5',0,'2023-11-14 16:26:44','2023-11-14 16:26:44',NULL),('3155976377','LGTH10',0,'2023-11-14 16:26:44','2023-11-14 16:26:44',NULL),('3155976377','LGTH20',0,'2023-11-14 16:26:44','2023-11-14 16:26:44',NULL),('3155976377','LGTH30',0,'2023-11-14 16:26:44','2023-11-14 16:26:44',NULL),('3155976377','PTCT1',1,'2023-11-14 16:26:44','2023-11-14 16:36:10',NULL),('3155976377','PTCT10',1,'2023-11-14 16:26:44','2023-11-16 10:22:21',NULL),('3155976377','PTCT20',1,'2023-11-14 16:26:44','2023-11-16 13:47:52',NULL),('3155976377','TIME100',0,'2023-11-14 16:26:44','2023-11-14 16:26:44',NULL),('3155976377','TIME200',0,'2023-11-14 16:26:44','2023-11-14 16:26:44',NULL),('3155976377','TIME300',0,'2023-11-14 16:26:44','2023-11-14 16:26:44',NULL),('3155976377','TPRN1',0,'2023-11-14 16:26:44','2023-11-14 16:26:44',NULL),('3155976377','TPRN20',0,'2023-11-14 16:26:44','2023-11-14 16:26:44',NULL),('3155976377','TPRN50',0,'2023-11-14 16:26:44','2023-11-14 16:26:44',NULL),('3155976377','TRSH100',1,'2023-11-14 16:26:44','2023-11-16 20:04:34',NULL),('3155976377','TRSH200',0,'2023-11-14 16:26:44','2023-11-14 16:26:44',NULL),('3155976377','TRSH300',0,'2023-11-14 16:26:44','2023-11-14 16:26:44',NULL),('3163377623','ANML10',0,'2023-11-15 09:28:28','2023-11-15 09:28:28',NULL),('3163377623','ANML20',0,'2023-11-15 09:28:28','2023-11-15 09:28:28',NULL),('3163377623','ANML30',0,'2023-11-15 09:28:28','2023-11-15 09:28:28',NULL),('3163377623','LAND3',0,'2023-11-15 09:28:28','2023-11-15 09:28:28',NULL),('3163377623','LAND6',0,'2023-11-15 09:28:28','2023-11-15 09:28:28',NULL),('3163377623','LAND9',0,'2023-11-15 09:28:28','2023-11-15 09:28:28',NULL),('3163377623','LCRN1',0,'2023-11-15 09:28:28','2023-11-15 09:28:28',NULL),('3163377623','LCRN3',0,'2023-11-15 09:28:28','2023-11-15 09:28:28',NULL),('3163377623','LCRN5',0,'2023-11-15 09:28:28','2023-11-15 09:28:28',NULL),('3163377623','LGTH10',0,'2023-11-15 09:28:28','2023-11-15 09:28:28',NULL),('3163377623','LGTH20',0,'2023-11-15 09:28:28','2023-11-15 09:28:28',NULL),('3163377623','LGTH30',0,'2023-11-15 09:28:28','2023-11-15 09:28:28',NULL),('3163377623','PTCT1',1,'2023-11-15 09:28:28','2023-11-15 09:30:46',NULL),('3163377623','PTCT10',0,'2023-11-15 09:28:28','2023-11-15 09:28:28',NULL),('3163377623','PTCT20',0,'2023-11-15 09:28:28','2023-11-15 09:28:28',NULL),('3163377623','TIME100',0,'2023-11-15 09:28:28','2023-11-15 09:28:28',NULL),('3163377623','TIME200',0,'2023-11-15 09:28:28','2023-11-15 09:28:28',NULL),('3163377623','TIME300',0,'2023-11-15 09:28:28','2023-11-15 09:28:28',NULL),('3163377623','TPRN1',0,'2023-11-15 09:28:28','2023-11-15 09:28:28',NULL),('3163377623','TPRN20',0,'2023-11-15 09:28:28','2023-11-15 09:28:28',NULL),('3163377623','TPRN50',0,'2023-11-15 09:28:28','2023-11-15 09:28:28',NULL),('3163377623','TRSH100',0,'2023-11-15 09:28:28','2023-11-15 09:28:28',NULL),('3163377623','TRSH200',0,'2023-11-15 09:28:28','2023-11-15 09:28:28',NULL),('3163377623','TRSH300',0,'2023-11-15 09:28:28','2023-11-15 09:28:28',NULL),('3163514481','ANML10',0,'2023-11-15 11:04:47','2023-11-15 11:04:47',NULL),('3163514481','ANML20',0,'2023-11-15 11:04:47','2023-11-15 11:04:47',NULL),('3163514481','ANML30',0,'2023-11-15 11:04:47','2023-11-15 11:04:47',NULL),('3163514481','LAND3',1,'2023-11-15 11:04:47','2023-11-15 11:06:56',NULL),('3163514481','LAND6',0,'2023-11-15 11:04:47','2023-11-15 11:04:47',NULL),('3163514481','LAND9',0,'2023-11-15 11:04:47','2023-11-15 11:04:47',NULL),('3163514481','LCRN1',1,'2023-11-15 11:04:47','2023-11-15 11:06:56',NULL),('3163514481','LCRN3',0,'2023-11-15 11:04:47','2023-11-15 11:04:47',NULL),('3163514481','LCRN5',0,'2023-11-15 11:04:47','2023-11-15 11:04:47',NULL),('3163514481','LGTH10',0,'2023-11-15 11:04:47','2023-11-15 11:04:47',NULL),('3163514481','LGTH20',0,'2023-11-15 11:04:47','2023-11-15 11:04:47',NULL),('3163514481','LGTH30',0,'2023-11-15 11:04:47','2023-11-15 11:04:47',NULL),('3163514481','PTCT1',1,'2023-11-15 11:04:47','2023-11-15 11:06:56',NULL),('3163514481','PTCT10',0,'2023-11-15 11:04:47','2023-11-15 11:04:47',NULL),('3163514481','PTCT20',0,'2023-11-15 11:04:47','2023-11-15 11:04:47',NULL),('3163514481','TIME100',0,'2023-11-15 11:04:47','2023-11-15 11:04:47',NULL),('3163514481','TIME200',0,'2023-11-15 11:04:47','2023-11-15 11:04:47',NULL),('3163514481','TIME300',0,'2023-11-15 11:04:47','2023-11-15 11:04:47',NULL),('3163514481','TPRN1',0,'2023-11-15 11:04:47','2023-11-15 11:04:47',NULL),('3163514481','TPRN20',0,'2023-11-15 11:04:47','2023-11-15 11:04:47',NULL),('3163514481','TPRN50',0,'2023-11-15 11:04:47','2023-11-15 11:04:47',NULL),('3163514481','TRSH100',0,'2023-11-15 11:04:47','2023-11-15 11:04:47',NULL),('3163514481','TRSH200',0,'2023-11-15 11:04:47','2023-11-15 11:04:47',NULL),('3163514481','TRSH300',0,'2023-11-15 11:04:47','2023-11-15 11:04:47',NULL),('3163518434','ANML10',0,'2023-11-15 11:07:04','2023-11-15 11:07:04',NULL),('3163518434','ANML20',0,'2023-11-15 11:07:04','2023-11-15 11:07:04',NULL),('3163518434','ANML30',0,'2023-11-15 11:07:04','2023-11-15 11:07:04',NULL),('3163518434','LAND3',0,'2023-11-15 11:07:04','2023-11-15 11:07:04',NULL),('3163518434','LAND6',0,'2023-11-15 11:07:04','2023-11-15 11:07:04',NULL),('3163518434','LAND9',0,'2023-11-15 11:07:04','2023-11-15 11:07:04',NULL),('3163518434','LCRN1',0,'2023-11-15 11:07:04','2023-11-15 11:07:04',NULL),('3163518434','LCRN3',0,'2023-11-15 11:07:04','2023-11-15 11:07:04',NULL),('3163518434','LCRN5',0,'2023-11-15 11:07:04','2023-11-15 11:07:04',NULL),('3163518434','LGTH10',0,'2023-11-15 11:07:04','2023-11-15 11:07:04',NULL),('3163518434','LGTH20',0,'2023-11-15 11:07:04','2023-11-15 11:07:04',NULL),('3163518434','LGTH30',0,'2023-11-15 11:07:04','2023-11-15 11:07:04',NULL),('3163518434','PTCT1',0,'2023-11-15 11:07:04','2023-11-15 11:07:04',NULL),('3163518434','PTCT10',0,'2023-11-15 11:07:04','2023-11-15 11:07:04',NULL),('3163518434','PTCT20',0,'2023-11-15 11:07:04','2023-11-15 11:07:04',NULL),('3163518434','TIME100',0,'2023-11-15 11:07:04','2023-11-15 11:07:04',NULL),('3163518434','TIME200',0,'2023-11-15 11:07:04','2023-11-15 11:07:04',NULL),('3163518434','TIME300',0,'2023-11-15 11:07:04','2023-11-15 11:07:04',NULL),('3163518434','TPRN1',0,'2023-11-15 11:07:04','2023-11-15 11:07:04',NULL),('3163518434','TPRN20',0,'2023-11-15 11:07:04','2023-11-15 11:07:04',NULL),('3163518434','TPRN50',0,'2023-11-15 11:07:04','2023-11-15 11:07:04',NULL),('3163518434','TRSH100',0,'2023-11-15 11:07:04','2023-11-15 11:07:04',NULL),('3163518434','TRSH200',0,'2023-11-15 11:07:04','2023-11-15 11:07:04',NULL),('3163518434','TRSH300',0,'2023-11-15 11:07:04','2023-11-15 11:07:04',NULL),('3163518683','ANML10',0,'2023-11-15 11:07:13','2023-11-15 11:07:13',NULL),('3163518683','ANML20',0,'2023-11-15 11:07:13','2023-11-15 11:07:13',NULL),('3163518683','ANML30',0,'2023-11-15 11:07:13','2023-11-15 11:07:13',NULL),('3163518683','LAND3',1,'2023-11-15 11:07:13','2023-11-15 11:09:58',NULL),('3163518683','LAND6',0,'2023-11-15 11:07:13','2023-11-15 11:07:13',NULL),('3163518683','LAND9',0,'2023-11-15 11:07:13','2023-11-15 11:07:13',NULL),('3163518683','LCRN1',0,'2023-11-15 11:07:13','2023-11-15 11:07:13',NULL),('3163518683','LCRN3',1,'2023-11-15 11:07:13','2023-11-15 11:09:58',NULL),('3163518683','LCRN5',0,'2023-11-15 11:07:13','2023-11-15 11:07:13',NULL),('3163518683','LGTH10',0,'2023-11-15 11:07:13','2023-11-15 11:07:13',NULL),('3163518683','LGTH20',0,'2023-11-15 11:07:13','2023-11-15 11:07:13',NULL),('3163518683','LGTH30',0,'2023-11-15 11:07:13','2023-11-15 11:07:13',NULL),('3163518683','PTCT1',1,'2023-11-15 11:07:13','2023-11-15 11:09:58',NULL),('3163518683','PTCT10',0,'2023-11-15 11:07:13','2023-11-15 11:07:13',NULL),('3163518683','PTCT20',0,'2023-11-15 11:07:13','2023-11-15 11:07:13',NULL),('3163518683','TIME100',0,'2023-11-15 11:07:13','2023-11-15 11:07:13',NULL),('3163518683','TIME200',0,'2023-11-15 11:07:13','2023-11-15 11:07:13',NULL),('3163518683','TIME300',0,'2023-11-15 11:07:13','2023-11-15 11:07:13',NULL),('3163518683','TPRN1',0,'2023-11-15 11:07:13','2023-11-15 11:07:13',NULL),('3163518683','TPRN20',0,'2023-11-15 11:07:13','2023-11-15 11:07:13',NULL),('3163518683','TPRN50',0,'2023-11-15 11:07:13','2023-11-15 11:07:13',NULL),('3163518683','TRSH100',0,'2023-11-15 11:07:13','2023-11-15 11:07:13',NULL),('3163518683','TRSH200',0,'2023-11-15 11:07:13','2023-11-15 11:07:13',NULL),('3163518683','TRSH300',0,'2023-11-15 11:07:13','2023-11-15 11:07:13',NULL),('3163521520','ANML10',0,'2023-11-15 11:08:52','2023-11-15 11:08:52',NULL),('3163521520','ANML20',0,'2023-11-15 11:08:52','2023-11-15 11:08:52',NULL),('3163521520','ANML30',0,'2023-11-15 11:08:52','2023-11-15 11:08:52',NULL),('3163521520','LAND3',1,'2023-11-15 11:08:52','2023-11-15 11:12:10',NULL),('3163521520','LAND6',0,'2023-11-15 11:08:52','2023-11-15 11:08:52',NULL),('3163521520','LAND9',0,'2023-11-15 11:08:52','2023-11-15 11:08:52',NULL),('3163521520','LCRN1',1,'2023-11-15 11:08:52','2023-11-15 11:12:10',NULL),('3163521520','LCRN3',0,'2023-11-15 11:08:52','2023-11-15 11:08:52',NULL),('3163521520','LCRN5',0,'2023-11-15 11:08:52','2023-11-15 11:08:52',NULL),('3163521520','LGTH10',0,'2023-11-15 11:08:52','2023-11-15 11:08:52',NULL),('3163521520','LGTH20',0,'2023-11-15 11:08:52','2023-11-15 11:08:52',NULL),('3163521520','LGTH30',0,'2023-11-15 11:08:52','2023-11-15 11:08:52',NULL),('3163521520','PTCT1',1,'2023-11-15 11:08:52','2023-11-15 11:12:10',NULL),('3163521520','PTCT10',0,'2023-11-15 11:08:52','2023-11-15 11:08:52',NULL),('3163521520','PTCT20',0,'2023-11-15 11:08:52','2023-11-15 11:08:52',NULL),('3163521520','TIME100',0,'2023-11-15 11:08:52','2023-11-15 11:08:52',NULL),('3163521520','TIME200',0,'2023-11-15 11:08:52','2023-11-15 11:08:52',NULL),('3163521520','TIME300',0,'2023-11-15 11:08:52','2023-11-15 11:08:52',NULL),('3163521520','TPRN1',0,'2023-11-15 11:08:52','2023-11-15 11:08:52',NULL),('3163521520','TPRN20',0,'2023-11-15 11:08:52','2023-11-15 11:08:52',NULL),('3163521520','TPRN50',0,'2023-11-15 11:08:52','2023-11-15 11:08:52',NULL),('3163521520','TRSH100',0,'2023-11-15 11:08:52','2023-11-15 11:08:52',NULL),('3163521520','TRSH200',0,'2023-11-15 11:08:52','2023-11-15 11:08:52',NULL),('3163521520','TRSH300',0,'2023-11-15 11:08:52','2023-11-15 11:08:52',NULL),('3163540759','ANML10',0,'2023-11-15 11:20:36','2023-11-15 11:20:36',NULL),('3163540759','ANML20',0,'2023-11-15 11:20:36','2023-11-15 11:20:36',NULL),('3163540759','ANML30',0,'2023-11-15 11:20:36','2023-11-15 11:20:36',NULL),('3163540759','LAND3',1,'2023-11-15 11:20:36','2023-11-15 11:24:42',NULL),('3163540759','LAND6',0,'2023-11-15 11:20:36','2023-11-15 11:20:36',NULL),('3163540759','LAND9',0,'2023-11-15 11:20:36','2023-11-15 11:20:36',NULL),('3163540759','LCRN1',0,'2023-11-15 11:20:36','2023-11-15 11:20:36',NULL),('3163540759','LCRN3',1,'2023-11-15 11:20:36','2023-11-15 11:26:44',NULL),('3163540759','LCRN5',0,'2023-11-15 11:20:36','2023-11-15 11:20:36',NULL),('3163540759','LGTH10',0,'2023-11-15 11:20:36','2023-11-15 11:20:36',NULL),('3163540759','LGTH20',0,'2023-11-15 11:20:36','2023-11-15 11:20:36',NULL),('3163540759','LGTH30',0,'2023-11-15 11:20:36','2023-11-15 11:20:36',NULL),('3163540759','PTCT1',1,'2023-11-15 11:20:36','2023-11-15 11:24:42',NULL),('3163540759','PTCT10',0,'2023-11-15 11:20:36','2023-11-15 11:20:36',NULL),('3163540759','PTCT20',0,'2023-11-15 11:20:36','2023-11-15 11:20:36',NULL),('3163540759','TIME100',0,'2023-11-15 11:20:36','2023-11-15 11:20:36',NULL),('3163540759','TIME200',0,'2023-11-15 11:20:36','2023-11-15 11:20:36',NULL),('3163540759','TIME300',0,'2023-11-15 11:20:36','2023-11-15 11:20:36',NULL),('3163540759','TPRN1',0,'2023-11-15 11:20:36','2023-11-15 11:20:36',NULL),('3163540759','TPRN20',0,'2023-11-15 11:20:36','2023-11-15 11:20:36',NULL),('3163540759','TPRN50',0,'2023-11-15 11:20:36','2023-11-15 11:20:36',NULL),('3163540759','TRSH100',0,'2023-11-15 11:20:36','2023-11-15 11:20:36',NULL),('3163540759','TRSH200',0,'2023-11-15 11:20:36','2023-11-15 11:20:36',NULL),('3163540759','TRSH300',0,'2023-11-15 11:20:36','2023-11-15 11:20:36',NULL),('3163548205','ANML10',0,'2023-11-15 11:25:18','2023-11-15 11:25:18',NULL),('3163548205','ANML20',0,'2023-11-15 11:25:18','2023-11-15 11:25:18',NULL),('3163548205','ANML30',0,'2023-11-15 11:25:18','2023-11-15 11:25:18',NULL),('3163548205','LAND3',0,'2023-11-15 11:25:18','2023-11-15 11:25:18',NULL),('3163548205','LAND6',0,'2023-11-15 11:25:18','2023-11-15 11:25:18',NULL),('3163548205','LAND9',0,'2023-11-15 11:25:18','2023-11-15 11:25:18',NULL),('3163548205','LCRN1',0,'2023-11-15 11:25:18','2023-11-15 11:25:18',NULL),('3163548205','LCRN3',0,'2023-11-15 11:25:18','2023-11-15 11:25:18',NULL),('3163548205','LCRN5',0,'2023-11-15 11:25:18','2023-11-15 11:25:18',NULL),('3163548205','LGTH10',0,'2023-11-15 11:25:18','2023-11-15 11:25:18',NULL),('3163548205','LGTH20',0,'2023-11-15 11:25:18','2023-11-15 11:25:18',NULL),('3163548205','LGTH30',0,'2023-11-15 11:25:18','2023-11-15 11:25:18',NULL),('3163548205','PTCT1',0,'2023-11-15 11:25:18','2023-11-15 11:25:18',NULL),('3163548205','PTCT10',0,'2023-11-15 11:25:18','2023-11-15 11:25:18',NULL),('3163548205','PTCT20',0,'2023-11-15 11:25:18','2023-11-15 11:25:18',NULL),('3163548205','TIME100',0,'2023-11-15 11:25:18','2023-11-15 11:25:18',NULL),('3163548205','TIME200',0,'2023-11-15 11:25:18','2023-11-15 11:25:18',NULL),('3163548205','TIME300',0,'2023-11-15 11:25:18','2023-11-15 11:25:18',NULL),('3163548205','TPRN1',0,'2023-11-15 11:25:18','2023-11-15 11:25:18',NULL),('3163548205','TPRN20',0,'2023-11-15 11:25:18','2023-11-15 11:25:18',NULL),('3163548205','TPRN50',0,'2023-11-15 11:25:18','2023-11-15 11:25:18',NULL),('3163548205','TRSH100',0,'2023-11-15 11:25:18','2023-11-15 11:25:18',NULL),('3163548205','TRSH200',0,'2023-11-15 11:25:18','2023-11-15 11:25:18',NULL),('3163548205','TRSH300',0,'2023-11-15 11:25:18','2023-11-15 11:25:18',NULL),('3163549071','ANML10',0,'2023-11-15 11:25:55','2023-11-15 11:25:55',NULL),('3163549071','ANML20',0,'2023-11-15 11:25:55','2023-11-15 11:25:55',NULL),('3163549071','ANML30',0,'2023-11-15 11:25:55','2023-11-15 11:25:55',NULL),('3163549071','LAND3',1,'2023-11-15 11:25:55','2023-11-15 11:31:48',NULL),('3163549071','LAND6',0,'2023-11-15 11:25:55','2023-11-15 11:25:55',NULL),('3163549071','LAND9',0,'2023-11-15 11:25:55','2023-11-15 11:25:55',NULL),('3163549071','LCRN1',0,'2023-11-15 11:25:55','2023-11-15 11:25:55',NULL),('3163549071','LCRN3',1,'2023-11-15 11:25:55','2023-11-15 11:31:48',NULL),('3163549071','LCRN5',0,'2023-11-15 11:25:55','2023-11-15 11:25:55',NULL),('3163549071','LGTH10',0,'2023-11-15 11:25:55','2023-11-15 11:25:55',NULL),('3163549071','LGTH20',0,'2023-11-15 11:25:55','2023-11-15 11:25:55',NULL),('3163549071','LGTH30',0,'2023-11-15 11:25:55','2023-11-15 11:25:55',NULL),('3163549071','PTCT1',1,'2023-11-15 11:25:55','2023-11-15 11:31:48',NULL),('3163549071','PTCT10',0,'2023-11-15 11:25:55','2023-11-15 11:25:55',NULL),('3163549071','PTCT20',0,'2023-11-15 11:25:55','2023-11-15 11:25:55',NULL),('3163549071','TIME100',0,'2023-11-15 11:25:55','2023-11-15 11:25:55',NULL),('3163549071','TIME200',0,'2023-11-15 11:25:55','2023-11-15 11:25:55',NULL),('3163549071','TIME300',0,'2023-11-15 11:25:55','2023-11-15 11:25:55',NULL),('3163549071','TPRN1',0,'2023-11-15 11:25:55','2023-11-15 11:25:55',NULL),('3163549071','TPRN20',0,'2023-11-15 11:25:55','2023-11-15 11:25:55',NULL),('3163549071','TPRN50',0,'2023-11-15 11:25:55','2023-11-15 11:25:55',NULL),('3163549071','TRSH100',0,'2023-11-15 11:25:55','2023-11-15 11:25:55',NULL),('3163549071','TRSH200',0,'2023-11-15 11:25:55','2023-11-15 11:25:55',NULL),('3163549071','TRSH300',0,'2023-11-15 11:25:55','2023-11-15 11:25:55',NULL),('3163675877','ANML10',0,'2023-11-15 12:49:46','2023-11-15 12:49:46',NULL),('3163675877','ANML20',0,'2023-11-15 12:49:46','2023-11-15 12:49:46',NULL),('3163675877','ANML30',0,'2023-11-15 12:49:46','2023-11-15 12:49:46',NULL),('3163675877','LAND3',1,'2023-11-15 12:49:46','2023-11-15 12:57:54',NULL),('3163675877','LAND6',0,'2023-11-15 12:49:46','2023-11-15 12:49:46',NULL),('3163675877','LAND9',0,'2023-11-15 12:49:46','2023-11-15 12:49:46',NULL),('3163675877','LCRN1',0,'2023-11-15 12:49:46','2023-11-15 12:49:46',NULL),('3163675877','LCRN3',0,'2023-11-15 12:49:46','2023-11-15 12:49:46',NULL),('3163675877','LCRN5',0,'2023-11-15 12:49:46','2023-11-15 12:49:46',NULL),('3163675877','LGTH10',0,'2023-11-15 12:49:46','2023-11-15 12:49:46',NULL),('3163675877','LGTH20',0,'2023-11-15 12:49:46','2023-11-15 12:49:46',NULL),('3163675877','LGTH30',0,'2023-11-15 12:49:46','2023-11-15 12:49:46',NULL),('3163675877','PTCT1',1,'2023-11-15 12:49:46','2023-11-15 12:57:54',NULL),('3163675877','PTCT10',0,'2023-11-15 12:49:46','2023-11-15 12:49:46',NULL),('3163675877','PTCT20',0,'2023-11-15 12:49:46','2023-11-15 12:49:46',NULL),('3163675877','TIME100',0,'2023-11-15 12:49:46','2023-11-15 12:49:46',NULL),('3163675877','TIME200',0,'2023-11-15 12:49:46','2023-11-15 12:49:46',NULL),('3163675877','TIME300',0,'2023-11-15 12:49:46','2023-11-15 12:49:46',NULL),('3163675877','TPRN1',0,'2023-11-15 12:49:46','2023-11-15 12:49:46',NULL),('3163675877','TPRN20',0,'2023-11-15 12:49:46','2023-11-15 12:49:46',NULL),('3163675877','TPRN50',0,'2023-11-15 12:49:46','2023-11-15 12:49:46',NULL),('3163675877','TRSH100',0,'2023-11-15 12:49:46','2023-11-15 12:49:46',NULL),('3163675877','TRSH200',0,'2023-11-15 12:49:46','2023-11-15 12:49:46',NULL),('3163675877','TRSH300',0,'2023-11-15 12:49:46','2023-11-15 12:49:46',NULL),('3163742780','ANML10',0,'2023-11-15 13:33:51','2023-11-15 13:33:51',NULL),('3163742780','ANML20',0,'2023-11-15 13:33:51','2023-11-15 13:33:51',NULL),('3163742780','ANML30',0,'2023-11-15 13:33:51','2023-11-15 13:33:51',NULL),('3163742780','LAND3',1,'2023-11-15 13:33:51','2023-11-15 13:35:24',NULL),('3163742780','LAND6',0,'2023-11-15 13:33:51','2023-11-15 13:33:51',NULL),('3163742780','LAND9',0,'2023-11-15 13:33:51','2023-11-15 13:33:51',NULL),('3163742780','LCRN1',1,'2023-11-15 13:33:51','2023-11-15 14:31:00',NULL),('3163742780','LCRN3',0,'2023-11-15 13:33:51','2023-11-15 13:33:51',NULL),('3163742780','LCRN5',0,'2023-11-15 13:33:51','2023-11-15 13:33:51',NULL),('3163742780','LGTH10',0,'2023-11-15 13:33:51','2023-11-15 13:33:51',NULL),('3163742780','LGTH20',0,'2023-11-15 13:33:51','2023-11-15 13:33:51',NULL),('3163742780','LGTH30',0,'2023-11-15 13:33:51','2023-11-15 13:33:51',NULL),('3163742780','PTCT1',1,'2023-11-15 13:33:51','2023-11-15 13:35:24',NULL),('3163742780','PTCT10',1,'2023-11-15 13:33:51','2023-11-15 14:31:05',NULL),('3163742780','PTCT20',1,'2023-11-15 13:33:51','2023-11-15 15:21:06',NULL),('3163742780','TIME100',0,'2023-11-15 13:33:51','2023-11-15 13:33:51',NULL),('3163742780','TIME200',0,'2023-11-15 13:33:51','2023-11-15 13:33:51',NULL),('3163742780','TIME300',0,'2023-11-15 13:33:51','2023-11-15 13:33:51',NULL),('3163742780','TPRN1',0,'2023-11-15 13:33:51','2023-11-15 13:33:51',NULL),('3163742780','TPRN20',0,'2023-11-15 13:33:51','2023-11-15 13:33:51',NULL),('3163742780','TPRN50',0,'2023-11-15 13:33:51','2023-11-15 13:33:51',NULL),('3163742780','TRSH100',0,'2023-11-15 13:33:51','2023-11-15 13:33:51',NULL),('3163742780','TRSH200',0,'2023-11-15 13:33:51','2023-11-15 13:33:51',NULL),('3163742780','TRSH300',0,'2023-11-15 13:33:51','2023-11-15 13:33:51',NULL),('3163789504','ANML10',0,'2023-11-15 14:04:01','2023-11-15 14:04:01',NULL),('3163789504','ANML20',0,'2023-11-15 14:04:01','2023-11-15 14:04:01',NULL),('3163789504','ANML30',0,'2023-11-15 14:04:01','2023-11-15 14:04:01',NULL),('3163789504','LAND3',1,'2023-11-15 14:04:01','2023-11-15 14:06:45',NULL),('3163789504','LAND6',0,'2023-11-15 14:04:01','2023-11-15 14:04:01',NULL),('3163789504','LAND9',0,'2023-11-15 14:04:01','2023-11-15 14:04:01',NULL),('3163789504','LCRN1',0,'2023-11-15 14:04:01','2023-11-15 14:04:01',NULL),('3163789504','LCRN3',0,'2023-11-15 14:04:01','2023-11-15 14:04:01',NULL),('3163789504','LCRN5',0,'2023-11-15 14:04:01','2023-11-15 14:04:01',NULL),('3163789504','LGTH10',0,'2023-11-15 14:04:01','2023-11-15 14:04:01',NULL),('3163789504','LGTH20',0,'2023-11-15 14:04:01','2023-11-15 14:04:01',NULL),('3163789504','LGTH30',0,'2023-11-15 14:04:01','2023-11-15 14:04:01',NULL),('3163789504','PTCT1',1,'2023-11-15 14:04:01','2023-11-15 14:06:45',NULL),('3163789504','PTCT10',0,'2023-11-15 14:04:01','2023-11-15 14:04:01',NULL),('3163789504','PTCT20',0,'2023-11-15 14:04:01','2023-11-15 14:04:01',NULL),('3163789504','TIME100',0,'2023-11-15 14:04:01','2023-11-15 14:04:01',NULL),('3163789504','TIME200',0,'2023-11-15 14:04:01','2023-11-15 14:04:01',NULL),('3163789504','TIME300',0,'2023-11-15 14:04:01','2023-11-15 14:04:01',NULL),('3163789504','TPRN1',0,'2023-11-15 14:04:01','2023-11-15 14:04:01',NULL),('3163789504','TPRN20',0,'2023-11-15 14:04:01','2023-11-15 14:04:01',NULL),('3163789504','TPRN50',0,'2023-11-15 14:04:01','2023-11-15 14:04:01',NULL),('3163789504','TRSH100',0,'2023-11-15 14:04:01','2023-11-15 14:04:01',NULL),('3163789504','TRSH200',0,'2023-11-15 14:04:01','2023-11-15 14:04:01',NULL),('3163789504','TRSH300',0,'2023-11-15 14:04:01','2023-11-15 14:04:01',NULL),('3163826341','ANML10',0,'2023-11-15 14:27:54','2023-11-15 14:27:54',NULL),('3163826341','ANML20',0,'2023-11-15 14:27:54','2023-11-15 14:27:54',NULL),('3163826341','ANML30',0,'2023-11-15 14:27:54','2023-11-15 14:27:54',NULL),('3163826341','LAND3',1,'2023-11-15 14:27:54','2023-11-15 14:29:09',NULL),('3163826341','LAND6',0,'2023-11-15 14:27:54','2023-11-15 14:27:54',NULL),('3163826341','LAND9',0,'2023-11-15 14:27:54','2023-11-15 14:27:54',NULL),('3163826341','LCRN1',0,'2023-11-15 14:27:54','2023-11-15 14:27:54',NULL),('3163826341','LCRN3',1,'2023-11-15 14:27:54','2023-11-15 14:34:26',NULL),('3163826341','LCRN5',0,'2023-11-15 14:27:54','2023-11-15 14:27:54',NULL),('3163826341','LGTH10',0,'2023-11-15 14:27:54','2023-11-15 14:27:54',NULL),('3163826341','LGTH20',0,'2023-11-15 14:27:54','2023-11-15 14:27:54',NULL),('3163826341','LGTH30',0,'2023-11-15 14:27:54','2023-11-15 14:27:54',NULL),('3163826341','PTCT1',1,'2023-11-15 14:27:54','2023-11-15 14:29:09',NULL),('3163826341','PTCT10',0,'2023-11-15 14:27:54','2023-11-15 14:27:54',NULL),('3163826341','PTCT20',0,'2023-11-15 14:27:54','2023-11-15 14:27:54',NULL),('3163826341','TIME100',0,'2023-11-15 14:27:54','2023-11-15 14:27:54',NULL),('3163826341','TIME200',0,'2023-11-15 14:27:54','2023-11-15 14:27:54',NULL),('3163826341','TIME300',0,'2023-11-15 14:27:54','2023-11-15 14:27:54',NULL),('3163826341','TPRN1',0,'2023-11-15 14:27:54','2023-11-15 14:27:54',NULL),('3163826341','TPRN20',0,'2023-11-15 14:27:54','2023-11-15 14:27:54',NULL),('3163826341','TPRN50',0,'2023-11-15 14:27:54','2023-11-15 14:27:54',NULL),('3163826341','TRSH100',0,'2023-11-15 14:27:54','2023-11-15 14:27:54',NULL),('3163826341','TRSH200',0,'2023-11-15 14:27:54','2023-11-15 14:27:54',NULL),('3163826341','TRSH300',0,'2023-11-15 14:27:54','2023-11-15 14:27:54',NULL),('3165441191','ANML10',0,'2023-11-16 15:05:05','2023-11-16 15:05:05',NULL),('3165441191','ANML20',0,'2023-11-16 15:05:05','2023-11-16 15:05:05',NULL),('3165441191','ANML30',0,'2023-11-16 15:05:05','2023-11-16 15:05:05',NULL),('3165441191','LAND3',1,'2023-11-16 15:05:05','2023-11-16 15:08:38',NULL),('3165441191','LAND6',0,'2023-11-16 15:05:05','2023-11-16 15:05:05',NULL),('3165441191','LAND9',0,'2023-11-16 15:05:05','2023-11-16 15:05:05',NULL),('3165441191','LCRN1',0,'2023-11-16 15:05:05','2023-11-16 15:05:05',NULL),('3165441191','LCRN3',0,'2023-11-16 15:05:05','2023-11-16 15:05:05',NULL),('3165441191','LCRN5',0,'2023-11-16 15:05:05','2023-11-16 15:05:05',NULL),('3165441191','LGTH10',0,'2023-11-16 15:05:05','2023-11-16 15:05:05',NULL),('3165441191','LGTH20',0,'2023-11-16 15:05:05','2023-11-16 15:05:05',NULL),('3165441191','LGTH30',0,'2023-11-16 15:05:05','2023-11-16 15:05:05',NULL),('3165441191','PTCT1',1,'2023-11-16 15:05:05','2023-11-16 15:08:38',NULL),('3165441191','PTCT10',0,'2023-11-16 15:05:05','2023-11-16 15:05:05',NULL),('3165441191','PTCT20',0,'2023-11-16 15:05:05','2023-11-16 15:05:05',NULL),('3165441191','TIME100',0,'2023-11-16 15:05:05','2023-11-16 15:05:05',NULL),('3165441191','TIME200',0,'2023-11-16 15:05:05','2023-11-16 15:05:05',NULL),('3165441191','TIME300',0,'2023-11-16 15:05:05','2023-11-16 15:05:05',NULL),('3165441191','TPRN1',0,'2023-11-16 15:05:05','2023-11-16 15:05:05',NULL),('3165441191','TPRN20',0,'2023-11-16 15:05:05','2023-11-16 15:05:05',NULL),('3165441191','TPRN50',0,'2023-11-16 15:05:05','2023-11-16 15:05:05',NULL),('3165441191','TRSH100',0,'2023-11-16 15:05:05','2023-11-16 15:05:05',NULL),('3165441191','TRSH200',0,'2023-11-16 15:05:05','2023-11-16 15:05:05',NULL),('3165441191','TRSH300',0,'2023-11-16 15:05:05','2023-11-16 15:05:05',NULL);
/*!40000 ALTER TABLE `user_badge` ENABLE KEYS */;
UNLOCK TABLES;

--
-- Table structure for table `user_item`
--

DROP TABLE IF EXISTS `user_item`;
/*!40101 SET @saved_cs_client     = @@character_set_client */;
/*!40101 SET character_set_client = utf8 */;
CREATE TABLE `user_item` (
  `user_id` varchar(255) NOT NULL,
  `item_id` bigint(20) NOT NULL,
  `selected` tinyint(4) DEFAULT 0,
  `create_time` datetime NOT NULL DEFAULT current_timestamp(),
  `update_time` datetime NOT NULL DEFAULT current_timestamp(),
  `delete_time` datetime DEFAULT NULL,
  PRIMARY KEY (`user_id`,`item_id`),
  KEY `FK_ITEM_TO_USER_ITEM_1` (`item_id`),
  CONSTRAINT `FK_ITEM_TO_USER_ITEM_1` FOREIGN KEY (`item_id`) REFERENCES `item` (`item_id`),
  CONSTRAINT `FK_USER_TO_USER_ITEM_1` FOREIGN KEY (`user_id`) REFERENCES `user` (`user_id`)
) ENGINE=InnoDB DEFAULT CHARSET=utf8mb4 COLLATE=utf8mb4_general_ci;
/*!40101 SET character_set_client = @saved_cs_client */;

--
-- Dumping data for table `user_item`
--

LOCK TABLES `user_item` WRITE;
/*!40000 ALTER TABLE `user_item` DISABLE KEYS */;
INSERT INTO `user_item` VALUES ('3139675088',1,0,'2023-11-15 10:32:41','2023-11-15 10:53:29',NULL),('3139675088',3,0,'2023-11-15 10:39:58','2023-11-15 10:53:29',NULL),('3139675088',4,0,'2023-11-15 10:39:55','2023-11-15 10:53:29',NULL),('3139675088',5,0,'2023-11-16 17:25:10','2023-11-16 17:25:10',NULL),('3139675088',7,0,'2023-11-15 10:39:57','2023-11-15 10:53:29',NULL),('3139675088',9,0,'2023-11-15 10:39:56','2023-11-15 10:53:29',NULL),('3139675088',11,0,'2023-11-15 10:39:54','2023-11-15 10:53:29',NULL),('3139675088',12,0,'2023-11-15 10:32:41','2023-11-15 10:53:29',NULL),('3139675088',13,0,'2023-11-15 10:39:56','2023-11-15 10:53:29',NULL),('3139675088',14,0,'2023-11-15 10:39:58','2023-11-15 10:53:29',NULL),('3139675088',16,1,'2023-11-15 10:39:58','2023-11-15 10:53:29',NULL),('3139675088',17,0,'2023-11-15 10:39:57','2023-11-15 10:53:29',NULL),('3139675088',18,0,'2023-11-15 10:39:53','2023-11-15 10:53:29',NULL),('3139675088',19,0,'2023-11-15 10:39:57','2023-11-15 10:53:29',NULL),('3139675088',20,0,'2023-11-15 10:32:41','2023-11-15 10:53:29',NULL),('3139675088',21,0,'2023-11-15 10:32:41','2023-11-15 10:53:14',NULL),('3139675088',22,1,'2023-11-15 10:32:41','2023-11-15 10:53:14',NULL),('3139675088',25,0,'2023-11-15 10:32:41','2023-11-15 10:53:14',NULL),('3140336712',1,0,'2023-11-15 10:56:42','2023-11-16 16:10:05',NULL),('3140336712',6,0,'2023-11-16 16:08:37','2023-11-16 16:10:05',NULL),('3140336712',12,0,'2023-11-15 10:56:42','2023-11-16 16:10:05',NULL),('3140336712',13,1,'2023-11-15 23:12:00','2023-11-16 16:10:05',NULL),('3140336712',18,0,'2023-11-15 13:25:31','2023-11-16 16:10:05',NULL),('3140336712',19,0,'2023-11-15 13:12:17','2023-11-16 16:10:05',NULL),('3140336712',20,0,'2023-11-15 10:56:42','2023-11-16 16:10:05',NULL),('3140336712',21,0,'2023-11-15 10:56:42','2023-11-16 16:05:43',NULL),('3140336712',22,0,'2023-11-15 10:56:42','2023-11-16 16:05:43',NULL),('3140336712',25,1,'2023-11-15 10:56:42','2023-11-16 16:05:43',NULL),('3141238159',1,0,'2023-11-15 10:59:18','2023-11-15 19:47:41',NULL),('3141238159',3,0,'2023-11-15 20:10:22','2023-11-15 20:10:22',NULL),('3141238159',7,0,'2023-11-15 19:54:04','2023-11-15 19:54:04',NULL),('3141238159',9,0,'2023-11-15 12:31:33','2023-11-15 19:47:41',NULL),('3141238159',10,0,'2023-11-15 12:31:33','2023-11-15 19:47:41',NULL),('3141238159',11,0,'2023-11-15 20:10:22','2023-11-15 20:10:22',NULL),('3141238159',12,0,'2023-11-15 10:59:18','2023-11-15 19:47:41',NULL),('3141238159',13,0,'2023-11-15 20:55:46','2023-11-15 20:55:46',NULL),('3141238159',15,0,'2023-11-15 12:31:33','2023-11-15 19:47:41',NULL),('3141238159',16,0,'2023-11-15 20:55:46','2023-11-15 20:55:46',NULL),('3141238159',17,0,'2023-11-15 12:31:33','2023-11-15 19:47:41',NULL),('3141238159',18,1,'2023-11-15 13:50:01','2023-11-15 19:47:41',NULL),('3141238159',20,0,'2023-11-15 10:59:18','2023-11-15 19:47:41',NULL),('3141238159',21,0,'2023-11-15 10:59:18','2023-11-15 22:59:56',NULL),('3141238159',22,1,'2023-11-15 10:59:18','2023-11-15 22:59:56',NULL),('3141238159',23,0,'2023-11-15 12:31:33','2023-11-15 22:59:56',NULL),('3141238159',25,0,'2023-11-15 10:59:18','2023-11-15 22:59:56',NULL),('3143320307',1,1,'2023-11-16 17:09:46','2023-11-16 17:09:46',NULL),('3143320307',12,0,'2023-11-16 17:09:46','2023-11-16 17:09:46',NULL),('3143320307',20,0,'2023-11-16 17:09:46','2023-11-16 17:09:46',NULL),('3143320307',21,1,'2023-11-16 17:09:46','2023-11-16 17:09:46',NULL),('3143320307',22,0,'2023-11-16 17:09:46','2023-11-16 17:09:46',NULL),('3143320307',25,0,'2023-11-16 17:09:46','2023-11-16 17:09:46',NULL),('3152065625',1,0,'2023-11-15 10:47:56','2023-11-16 23:09:17',NULL),('3152065625',2,0,'2023-11-16 09:26:37','2023-11-16 23:09:17',NULL),('3152065625',3,0,'2023-11-16 17:01:25','2023-11-16 23:09:17',NULL),('3152065625',4,0,'2023-11-16 12:49:44','2023-11-16 23:09:17',NULL),('3152065625',5,1,'2023-11-16 23:08:25','2023-11-16 23:09:17',NULL),('3152065625',7,0,'2023-11-16 12:49:44','2023-11-16 23:09:17',NULL),('3152065625',8,0,'2023-11-16 12:49:44','2023-11-16 23:09:17',NULL),('3152065625',11,0,'2023-11-16 22:48:48','2023-11-16 23:09:17',NULL),('3152065625',12,0,'2023-11-15 10:47:57','2023-11-16 23:09:17',NULL),('3152065625',13,0,'2023-11-16 16:12:35','2023-11-16 23:09:17',NULL),('3152065625',15,0,'2023-11-16 16:49:54','2023-11-16 23:09:17',NULL),('3152065625',16,0,'2023-11-16 22:48:48','2023-11-16 23:09:17',NULL),('3152065625',20,0,'2023-11-15 10:47:57','2023-11-16 23:09:17',NULL),('3152065625',21,0,'2023-11-15 10:47:56','2023-11-16 23:09:04',NULL),('3152065625',22,1,'2023-11-15 10:47:57','2023-11-16 23:09:04',NULL),('3152065625',24,0,'2023-11-16 12:49:44','2023-11-16 23:09:04',NULL),('3152065625',25,0,'2023-11-15 10:47:57','2023-11-16 23:09:04',NULL),('3152065625',26,0,'2023-11-16 12:49:44','2023-11-16 23:09:04',NULL),('3155976377',1,1,'2023-11-14 16:26:44','2023-11-16 19:55:06',NULL),('3155976377',4,0,'2023-11-16 19:53:32','2023-11-16 19:55:06',NULL),('3155976377',6,0,'2023-11-16 11:10:08','2023-11-16 19:55:06',NULL),('3155976377',14,0,'2023-11-14 16:41:17','2023-11-16 19:55:06',NULL),('3155976377',15,0,'2023-11-14 16:41:18','2023-11-16 19:55:06',NULL),('3155976377',17,0,'2023-11-16 10:25:24','2023-11-16 19:55:06',NULL),('3155976377',19,0,'2023-11-16 22:03:20','2023-11-16 22:03:20',NULL),('3155976377',21,0,'2023-11-14 16:26:44','2023-11-16 19:55:01',NULL),('3155976377',22,0,'2023-11-14 16:26:44','2023-11-16 19:55:01',NULL),('3155976377',23,0,'2023-11-16 13:39:59','2023-11-16 19:55:01',NULL),('3155976377',24,1,'2023-11-16 13:40:05','2023-11-16 19:55:01',NULL),('3155976377',25,0,'2023-11-16 13:40:07','2023-11-16 19:55:01',NULL),('3163377623',1,1,'2023-11-15 09:28:28','2023-11-15 09:28:28',NULL),('3163377623',21,1,'2023-11-15 09:28:28','2023-11-15 09:28:28',NULL),('3163514481',1,0,'2023-11-15 11:04:47','2023-11-15 11:07:28',NULL),('3163514481',12,1,'2023-11-15 11:04:47','2023-11-15 11:07:28',NULL),('3163514481',20,0,'2023-11-15 11:04:47','2023-11-15 11:07:28',NULL),('3163514481',21,0,'2023-11-15 11:04:47','2023-11-15 11:09:19',NULL),('3163514481',22,0,'2023-11-15 11:04:47','2023-11-15 11:09:19',NULL),('3163514481',24,1,'2023-11-15 11:09:00','2023-11-15 11:09:19',NULL),('3163514481',25,0,'2023-11-15 11:04:47','2023-11-15 11:09:19',NULL),('3163518434',1,0,'2023-11-15 11:07:04','2023-11-15 11:07:59',NULL),('3163518434',12,1,'2023-11-15 11:07:04','2023-11-15 11:07:59',NULL),('3163518434',20,0,'2023-11-15 11:07:04','2023-11-15 11:07:59',NULL),('3163518434',21,0,'2023-11-15 11:07:04','2023-11-15 11:08:03',NULL),('3163518434',22,0,'2023-11-15 11:07:04','2023-11-15 11:08:03',NULL),('3163518434',25,1,'2023-11-15 11:07:04','2023-11-15 11:08:03',NULL),('3163518683',1,1,'2023-11-15 11:07:13','2023-11-15 11:07:13',NULL),('3163518683',12,0,'2023-11-15 11:07:13','2023-11-15 11:07:13',NULL),('3163518683',20,0,'2023-11-15 11:07:13','2023-11-15 11:07:13',NULL),('3163518683',21,1,'2023-11-15 11:07:13','2023-11-15 11:07:13',NULL),('3163518683',22,0,'2023-11-15 11:07:13','2023-11-15 11:07:13',NULL),('3163518683',25,0,'2023-11-15 11:07:13','2023-11-15 11:07:13',NULL),('3163521520',1,1,'2023-11-15 11:08:52','2023-11-15 11:08:52',NULL),('3163521520',12,0,'2023-11-15 11:08:52','2023-11-15 11:08:52',NULL),('3163521520',20,0,'2023-11-15 11:08:52','2023-11-15 11:08:52',NULL),('3163521520',21,0,'2023-11-15 11:08:52','2023-11-15 11:15:30',NULL),('3163521520',22,0,'2023-11-15 11:08:52','2023-11-15 11:15:30',NULL),('3163521520',25,0,'2023-11-15 11:08:52','2023-11-15 11:15:30',NULL),('3163521520',27,1,'2023-11-15 11:12:10','2023-11-15 11:15:30',NULL),('3163540759',1,1,'2023-11-15 11:20:36','2023-11-15 11:20:36',NULL),('3163540759',12,0,'2023-11-15 11:20:36','2023-11-15 11:20:36',NULL),('3163540759',20,0,'2023-11-15 11:20:36','2023-11-15 11:20:36',NULL),('3163540759',21,1,'2023-11-15 11:20:36','2023-11-15 11:20:36',NULL),('3163540759',22,0,'2023-11-15 11:20:36','2023-11-15 11:20:36',NULL),('3163540759',25,0,'2023-11-15 11:20:36','2023-11-15 11:20:36',NULL),('3163548205',1,1,'2023-11-15 11:25:18','2023-11-15 11:25:18',NULL),('3163548205',12,0,'2023-11-15 11:25:18','2023-11-15 11:25:18',NULL),('3163548205',20,0,'2023-11-15 11:25:18','2023-11-15 11:25:18',NULL),('3163548205',21,1,'2023-11-15 11:25:18','2023-11-15 11:25:18',NULL),('3163548205',22,0,'2023-11-15 11:25:18','2023-11-15 11:25:18',NULL),('3163548205',25,0,'2023-11-15 11:25:18','2023-11-15 11:25:18',NULL),('3163549071',1,0,'2023-11-15 11:25:55','2023-11-15 15:19:41',NULL),('3163549071',3,1,'2023-11-15 15:17:33','2023-11-15 15:19:41',NULL),('3163549071',12,0,'2023-11-15 11:25:55','2023-11-15 15:19:41',NULL),('3163549071',20,0,'2023-11-15 11:25:55','2023-11-15 15:19:41',NULL),('3163549071',21,0,'2023-11-15 11:25:55','2023-11-15 15:17:59',NULL),('3163549071',22,0,'2023-11-15 11:25:55','2023-11-15 15:17:59',NULL),('3163549071',25,1,'2023-11-15 11:25:55','2023-11-15 15:17:59',NULL),('3163675877',1,0,'2023-11-15 12:49:46','2023-11-15 12:54:16',NULL),('3163675877',12,1,'2023-11-15 12:49:46','2023-11-15 12:54:16',NULL),('3163675877',20,0,'2023-11-15 12:49:46','2023-11-15 12:54:16',NULL),('3163675877',21,1,'2023-11-15 12:49:46','2023-11-15 12:55:04',NULL),('3163675877',22,0,'2023-11-15 12:49:46','2023-11-15 12:55:04',NULL),('3163675877',25,0,'2023-11-15 12:49:46','2023-11-15 12:55:04',NULL),('3163742780',1,0,'2023-11-15 13:33:51','2023-11-15 13:44:59',NULL),('3163742780',4,0,'2023-11-15 13:39:11','2023-11-15 13:44:59',NULL),('3163742780',12,1,'2023-11-15 13:33:51','2023-11-15 13:44:59',NULL),('3163742780',14,0,'2023-11-15 15:24:29','2023-11-15 15:24:29',NULL),('3163742780',15,0,'2023-11-15 13:53:59','2023-11-15 13:53:59',NULL),('3163742780',17,0,'2023-11-15 13:54:00','2023-11-15 13:54:00',NULL),('3163742780',19,0,'2023-11-15 14:35:25','2023-11-15 14:35:25',NULL),('3163742780',20,0,'2023-11-15 13:33:51','2023-11-15 13:44:59',NULL),('3163742780',21,0,'2023-11-15 13:33:51','2023-11-15 13:44:34',NULL),('3163742780',22,1,'2023-11-15 13:33:51','2023-11-15 13:44:34',NULL),('3163742780',25,0,'2023-11-15 13:33:51','2023-11-15 13:44:34',NULL),('3163789504',1,1,'2023-11-15 14:04:01','2023-11-15 14:04:01',NULL),('3163789504',12,0,'2023-11-15 14:04:01','2023-11-15 14:04:01',NULL),('3163789504',20,0,'2023-11-15 14:04:01','2023-11-15 14:04:01',NULL),('3163789504',21,0,'2023-11-15 14:04:01','2023-11-15 14:07:14',NULL),('3163789504',22,0,'2023-11-15 14:04:01','2023-11-15 14:07:14',NULL),('3163789504',25,1,'2023-11-15 14:04:01','2023-11-15 14:07:14',NULL),('3163826341',1,0,'2023-11-15 14:27:54','2023-11-15 14:41:26',NULL),('3163826341',12,1,'2023-11-15 14:27:54','2023-11-15 14:41:26',NULL),('3163826341',16,0,'2023-11-15 14:37:11','2023-11-15 14:41:26',NULL),('3163826341',20,0,'2023-11-15 14:27:54','2023-11-15 14:41:26',NULL),('3163826341',21,1,'2023-11-15 14:27:54','2023-11-15 14:42:09',NULL),('3163826341',22,0,'2023-11-15 14:27:54','2023-11-15 14:42:09',NULL),('3163826341',25,0,'2023-11-15 14:27:54','2023-11-15 14:42:09',NULL),('3165441191',1,0,'2023-11-16 15:05:05','2023-11-16 15:06:20',NULL),('3165441191',12,1,'2023-11-16 15:05:05','2023-11-16 15:06:20',NULL),('3165441191',20,0,'2023-11-16 15:05:05','2023-11-16 15:06:20',NULL),('3165441191',21,0,'2023-11-16 15:05:05','2023-11-16 15:06:16',NULL),('3165441191',22,0,'2023-11-16 15:05:05','2023-11-16 15:06:16',NULL),('3165441191',25,1,'2023-11-16 15:05:05','2023-11-16 15:06:16',NULL);
/*!40000 ALTER TABLE `user_item` ENABLE KEYS */;
UNLOCK TABLES;

--
-- Table structure for table `user_plog_info`
--

DROP TABLE IF EXISTS `user_plog_info`;
/*!40101 SET @saved_cs_client     = @@character_set_client */;
/*!40101 SET character_set_client = utf8 */;
CREATE TABLE `user_plog_info` (
  `user_id` varchar(255) NOT NULL,
  `plog_count` int(11) NOT NULL DEFAULT 0,
  `sum_length` int(11) NOT NULL DEFAULT 0,
  `sum_time` int(11) NOT NULL DEFAULT 0,
  `sum_trash` int(11) NOT NULL DEFAULT 0,
  `mission_length` int(11) NOT NULL DEFAULT 0,
  `mission_time` int(11) NOT NULL DEFAULT 0,
  `mission_trash` int(11) NOT NULL DEFAULT 0,
  `score` int(11) NOT NULL DEFAULT 0,
  `seed` int(11) NOT NULL DEFAULT 0,
  `egg` int(11) NOT NULL DEFAULT 1,
  `create_time` datetime NOT NULL DEFAULT current_timestamp(),
  `update_time` datetime NOT NULL DEFAULT current_timestamp(),
  `delete_time` datetime DEFAULT NULL,
  PRIMARY KEY (`user_id`),
  CONSTRAINT `FK_USER_TO_USER_PLOG_INFO_1` FOREIGN KEY (`user_id`) REFERENCES `user` (`user_id`)
) ENGINE=InnoDB DEFAULT CHARSET=utf8mb4 COLLATE=utf8mb4_general_ci;
/*!40101 SET character_set_client = @saved_cs_client */;

--
-- Dumping data for table `user_plog_info`
--

LOCK TABLES `user_plog_info` WRITE;
/*!40000 ALTER TABLE `user_plog_info` DISABLE KEYS */;
INSERT INTO `user_plog_info` VALUES ('3139675088',35,0,3170,147,0,170,7,1138,99,0,'2023-11-15 10:32:41','2023-11-16 21:25:45',NULL),('3140336712',33,130,1285,62,130,85,2,660,6,0,'2023-11-15 10:56:42','2023-11-16 16:08:37',NULL),('3141238159',12,960,3261,110,460,261,0,733,11,0,'2023-11-15 10:59:18','2023-11-16 13:03:31',NULL),('3143320307',0,0,0,0,0,0,0,0,0,0,'2023-11-16 17:09:46','2023-11-16 17:09:46',NULL),('3152065625',14,1610,3082,56,110,82,6,489,1,0,'2023-11-15 10:47:56','2023-11-17 01:17:01',NULL),('3155976377',24,300,1801,109,300,1,9,818,2,0,'2023-11-14 16:26:44','2023-11-16 22:03:20',NULL),('3163377623',1,0,82,10,0,82,0,61,1,0,'2023-11-15 09:28:28','2023-11-15 09:30:46',NULL),('3163514481',2,630,147,0,130,147,0,29,0,0,'2023-11-15 11:04:47','2023-11-15 11:09:00',NULL),('3163518434',0,0,0,0,0,0,0,0,0,0,'2023-11-15 11:07:04','2023-11-15 11:07:04',NULL),('3163518683',2,40,174,0,40,174,0,22,0,0,'2023-11-15 11:07:13','2023-11-15 11:09:58',NULL),('3163521520',7,690,232,4,190,232,4,101,0,0,'2023-11-15 11:08:52','2023-11-16 21:04:54',NULL),('3163540759',3,0,108,4,0,108,4,52,0,0,'2023-11-15 11:20:36','2023-11-15 11:26:44',NULL),('3163548205',0,0,0,0,0,0,0,0,0,0,'2023-11-15 11:25:18','2023-11-15 11:25:18',NULL),('3163549071',3,80,326,2,80,26,2,46,0,0,'2023-11-15 11:25:55','2023-11-15 15:17:34',NULL),('3163675877',1,240,154,4,240,154,4,35,0,0,'2023-11-15 12:49:46','2023-11-15 12:57:54',NULL),('3163742780',23,60,1610,35,60,110,5,434,3,0,'2023-11-15 13:33:51','2023-11-15 15:28:10',NULL),('3163789504',2,0,126,1,0,126,1,28,0,0,'2023-11-15 14:04:01','2023-11-15 14:08:18',NULL),('3163826341',5,390,449,11,390,149,1,118,1,0,'2023-11-15 14:27:54','2023-11-15 14:51:01',NULL),('3165441191',2,0,199,4,0,199,4,43,0,0,'2023-11-16 15:05:05','2023-11-16 15:10:28',NULL);
/*!40000 ALTER TABLE `user_plog_info` ENABLE KEYS */;
UNLOCK TABLES;

--
-- Table structure for table `user_select_animal`
--

DROP TABLE IF EXISTS `user_select_animal`;
/*!40101 SET @saved_cs_client     = @@character_set_client */;
/*!40101 SET character_set_client = utf8 */;
CREATE TABLE `user_select_animal` (
  `user_id` varchar(255) NOT NULL,
  `animal_id` bigint(20) NOT NULL,
  PRIMARY KEY (`user_id`,`animal_id`),
  KEY `FK_ANIMAL_TO_USER_SELECT_ANIMAL_1` (`animal_id`),
  CONSTRAINT `FK_ANIMAL_TO_USER_SELECT_ANIMAL_1` FOREIGN KEY (`animal_id`) REFERENCES `animal` (`animal_id`),
  CONSTRAINT `FK_USER_TO_USER_SELECT_ANIMAL_1` FOREIGN KEY (`user_id`) REFERENCES `user` (`user_id`)
) ENGINE=InnoDB DEFAULT CHARSET=utf8mb4 COLLATE=utf8mb4_general_ci;
/*!40101 SET character_set_client = @saved_cs_client */;

--
-- Dumping data for table `user_select_animal`
--

LOCK TABLES `user_select_animal` WRITE;
/*!40000 ALTER TABLE `user_select_animal` DISABLE KEYS */;
/*!40000 ALTER TABLE `user_select_animal` ENABLE KEYS */;
UNLOCK TABLES;

--
-- Table structure for table `user_select_item`
--

DROP TABLE IF EXISTS `user_select_item`;
/*!40101 SET @saved_cs_client     = @@character_set_client */;
/*!40101 SET character_set_client = utf8 */;
CREATE TABLE `user_select_item` (
  `user_id` varchar(255) NOT NULL,
  `item_id` bigint(20) NOT NULL,
  PRIMARY KEY (`user_id`,`item_id`),
  KEY `FK_ITEM_TO_USER_SELECT_ITEM_1` (`item_id`),
  CONSTRAINT `FK_ITEM_TO_USER_SELECT_ITEM_1` FOREIGN KEY (`item_id`) REFERENCES `item` (`item_id`),
  CONSTRAINT `FK_USER_TO_USER_SELECT_ITEM_1` FOREIGN KEY (`user_id`) REFERENCES `user` (`user_id`)
) ENGINE=InnoDB DEFAULT CHARSET=utf8mb4 COLLATE=utf8mb4_general_ci;
/*!40101 SET character_set_client = @saved_cs_client */;

--
-- Dumping data for table `user_select_item`
--

LOCK TABLES `user_select_item` WRITE;
/*!40000 ALTER TABLE `user_select_item` DISABLE KEYS */;
/*!40000 ALTER TABLE `user_select_item` ENABLE KEYS */;
UNLOCK TABLES;
/*!40103 SET TIME_ZONE=@OLD_TIME_ZONE */;

/*!40101 SET SQL_MODE=@OLD_SQL_MODE */;
/*!40014 SET FOREIGN_KEY_CHECKS=@OLD_FOREIGN_KEY_CHECKS */;
/*!40014 SET UNIQUE_CHECKS=@OLD_UNIQUE_CHECKS */;
/*!40101 SET CHARACTER_SET_CLIENT=@OLD_CHARACTER_SET_CLIENT */;
/*!40101 SET CHARACTER_SET_RESULTS=@OLD_CHARACTER_SET_RESULTS */;
/*!40101 SET COLLATION_CONNECTION=@OLD_COLLATION_CONNECTION */;
/*!40111 SET SQL_NOTES=@OLD_SQL_NOTES */;

-- Dump completed on 2023-11-17  8:34:02
